CREATE TABLE IF NOT EXISTS "auth_group" ("id" integer NOT NULL PRIMARY KEY AUTOINCREMENT, "name" varchar(150) NOT NULL UNIQUE);
CREATE INDEX IF NOT EXISTS "wine_wiki_subsection_section_id_043e0489" ON "wine_wiki_subsection" ("section_id");
CREATE INDEX IF NOT EXISTS "wine_wiki_wine_section_id_fe04141e" ON "wine_wiki_wine" ("section_id");
CREATE INDEX IF NOT EXISTS "wine_wiki_wine_subsection_id_f8cab078" ON "wine_wiki_wine" ("subsection_id");
CREATE UNIQUE INDEX "auth_group_permissions_group_id_permission_id_0cd325b0_uniq" ON "auth_group_permissions" ("group_id", "permission_id");
CREATE INDEX IF NOT EXISTS "auth_group_permissions_group_id_b120cbf9" ON "auth_group_permissions" ("group_id");
CREATE INDEX IF NOT EXISTS "auth_group_permissions_permission_id_84c5c92e" ON "auth_group_permissions" ("permission_id");
CREATE UNIQUE INDEX "auth_user_groups_user_id_group_id_94350c0c_uniq" ON "auth_user_groups" ("user_id", "group_id");
CREATE INDEX IF NOT EXISTS "auth_user_groups_user_id_6a12ed8b" ON "auth_user_groups" ("user_id");
CREATE INDEX IF NOT EXISTS "auth_user_groups_group_id_97559544" ON "auth_user_groups" ("group_id");
CREATE UNIQUE INDEX "auth_user_user_permissions_user_id_permission_id_14a6b632_uniq" ON "auth_user_user_permissions" ("user_id", "permission_id");
CREATE INDEX IF NOT EXISTS "auth_user_user_permissions_user_id_a95ead1b" ON "auth_user_user_permissions" ("user_id");
CREATE INDEX IF NOT EXISTS "auth_user_user_permissions_permission_id_1fbb5f2c" ON "auth_user_user_permissions" ("permission_id");
CREATE INDEX IF NOT EXISTS "django_admin_log_content_type_id_c4bce8eb" ON "django_admin_log" ("content_type_id");
CREATE INDEX IF NOT EXISTS "django_admin_log_user_id_c564eba6" ON "django_admin_log" ("user_id");
CREATE UNIQUE INDEX "django_content_type_app_label_model_76bd3d3b_uniq" ON "django_content_type" ("app_label", "model");
CREATE UNIQUE INDEX "auth_permission_content_type_id_codename_01ab375a_uniq" ON "auth_permission" ("content_type_id", "codename");
CREATE INDEX IF NOT EXISTS "auth_permission_content_type_id_2f476e4b" ON "auth_permission" ("content_type_id");
CREATE INDEX IF NOT EXISTS "django_session_expire_date_a5c62663" ON "django_session" ("expire_date");
CREATE INDEX IF NOT EXISTS "wine_wiki_subsubsection_section_id_672550e8" ON "wine_wiki_subsubsection" ("section_id");
CREATE INDEX IF NOT EXISTS "wine_wiki_subsubsection_subsection_id_e501a604" ON "wine_wiki_subsubsection" ("subsection_id");
CREATE TABLE IF NOT EXISTS "auth_group_permissions" ("id" integer NOT NULL PRIMARY KEY AUTOINCREMENT, "group_id" integer NOT NULL REFERENCES "auth_group" ("id") DEFERRABLE INITIALLY DEFERRED, "permission_id" integer NOT NULL REFERENCES "auth_permission" ("id") DEFERRABLE INITIALLY DEFERRED);
CREATE INDEX IF NOT EXISTS "wine_wiki_subsection_section_id_043e0489" ON "wine_wiki_subsection" ("section_id");
CREATE INDEX IF NOT EXISTS "wine_wiki_wine_section_id_fe04141e" ON "wine_wiki_wine" ("section_id");
CREATE INDEX IF NOT EXISTS "wine_wiki_wine_subsection_id_f8cab078" ON "wine_wiki_wine" ("subsection_id");
CREATE UNIQUE INDEX "auth_group_permissions_group_id_permission_id_0cd325b0_uniq" ON "auth_group_permissions" ("group_id", "permission_id");
CREATE INDEX IF NOT EXISTS "auth_group_permissions_group_id_b120cbf9" ON "auth_group_permissions" ("group_id");
CREATE INDEX IF NOT EXISTS "auth_group_permissions_permission_id_84c5c92e" ON "auth_group_permissions" ("permission_id");
CREATE UNIQUE INDEX "auth_user_groups_user_id_group_id_94350c0c_uniq" ON "auth_user_groups" ("user_id", "group_id");
CREATE INDEX IF NOT EXISTS "auth_user_groups_user_id_6a12ed8b" ON "auth_user_groups" ("user_id");
CREATE INDEX IF NOT EXISTS "auth_user_groups_group_id_97559544" ON "auth_user_groups" ("group_id");
CREATE UNIQUE INDEX "auth_user_user_permissions_user_id_permission_id_14a6b632_uniq" ON "auth_user_user_permissions" ("user_id", "permission_id");
CREATE INDEX IF NOT EXISTS "auth_user_user_permissions_user_id_a95ead1b" ON "auth_user_user_permissions" ("user_id");
CREATE INDEX IF NOT EXISTS "auth_user_user_permissions_permission_id_1fbb5f2c" ON "auth_user_user_permissions" ("permission_id");
CREATE INDEX IF NOT EXISTS "django_admin_log_content_type_id_c4bce8eb" ON "django_admin_log" ("content_type_id");
CREATE INDEX IF NOT EXISTS "django_admin_log_user_id_c564eba6" ON "django_admin_log" ("user_id");
CREATE UNIQUE INDEX "django_content_type_app_label_model_76bd3d3b_uniq" ON "django_content_type" ("app_label", "model");
CREATE UNIQUE INDEX "auth_permission_content_type_id_codename_01ab375a_uniq" ON "auth_permission" ("content_type_id", "codename");
CREATE INDEX IF NOT EXISTS "auth_permission_content_type_id_2f476e4b" ON "auth_permission" ("content_type_id");
CREATE INDEX IF NOT EXISTS "django_session_expire_date_a5c62663" ON "django_session" ("expire_date");
CREATE INDEX IF NOT EXISTS "wine_wiki_subsubsection_section_id_672550e8" ON "wine_wiki_subsubsection" ("section_id");
CREATE INDEX IF NOT EXISTS "wine_wiki_subsubsection_subsection_id_e501a604" ON "wine_wiki_subsubsection" ("subsection_id");
CREATE TABLE IF NOT EXISTS "auth_permission" ("id" integer NOT NULL PRIMARY KEY AUTOINCREMENT, "content_type_id" integer NOT NULL REFERENCES "django_content_type" ("id") DEFERRABLE INITIALLY DEFERRED, "codename" varchar(100) NOT NULL, "name" varchar(255) NOT NULL);
INSERT INTO "auth_permission" VALUES(1,1,'add_logentry','Can add log entry');
INSERT INTO "auth_permission" VALUES(2,1,'change_logentry','Can change log entry');
INSERT INTO "auth_permission" VALUES(3,1,'delete_logentry','Can delete log entry');
INSERT INTO "auth_permission" VALUES(4,1,'view_logentry','Can view log entry');
INSERT INTO "auth_permission" VALUES(5,2,'add_permission','Can add permission');
INSERT INTO "auth_permission" VALUES(6,2,'change_permission','Can change permission');
INSERT INTO "auth_permission" VALUES(7,2,'delete_permission','Can delete permission');
INSERT INTO "auth_permission" VALUES(8,2,'view_permission','Can view permission');
INSERT INTO "auth_permission" VALUES(9,3,'add_group','Can add group');
INSERT INTO "auth_permission" VALUES(10,3,'change_group','Can change group');
INSERT INTO "auth_permission" VALUES(11,3,'delete_group','Can delete group');
INSERT INTO "auth_permission" VALUES(12,3,'view_group','Can view group');
INSERT INTO "auth_permission" VALUES(13,4,'add_user','Can add user');
INSERT INTO "auth_permission" VALUES(14,4,'change_user','Can change user');
INSERT INTO "auth_permission" VALUES(15,4,'delete_user','Can delete user');
INSERT INTO "auth_permission" VALUES(16,4,'view_user','Can view user');
INSERT INTO "auth_permission" VALUES(17,5,'add_contenttype','Can add content type');
INSERT INTO "auth_permission" VALUES(18,5,'change_contenttype','Can change content type');
INSERT INTO "auth_permission" VALUES(19,5,'delete_contenttype','Can delete content type');
INSERT INTO "auth_permission" VALUES(20,5,'view_contenttype','Can view content type');
INSERT INTO "auth_permission" VALUES(21,6,'add_session','Can add session');
INSERT INTO "auth_permission" VALUES(22,6,'change_session','Can change session');
INSERT INTO "auth_permission" VALUES(23,6,'delete_session','Can delete session');
INSERT INTO "auth_permission" VALUES(24,6,'view_session','Can view session');
INSERT INTO "auth_permission" VALUES(25,7,'add_producer','Can add producer');
INSERT INTO "auth_permission" VALUES(26,7,'change_producer','Can change producer');
INSERT INTO "auth_permission" VALUES(27,7,'delete_producer','Can delete producer');
INSERT INTO "auth_permission" VALUES(28,7,'view_producer','Can view producer');
INSERT INTO "auth_permission" VALUES(29,8,'add_section','Can add section');
INSERT INTO "auth_permission" VALUES(30,8,'change_section','Can change section');
INSERT INTO "auth_permission" VALUES(31,8,'delete_section','Can delete section');
INSERT INTO "auth_permission" VALUES(32,8,'view_section','Can view section');
INSERT INTO "auth_permission" VALUES(33,9,'add_subsubsection','Can add sub sub section');
INSERT INTO "auth_permission" VALUES(34,9,'change_subsubsection','Can change sub sub section');
INSERT INTO "auth_permission" VALUES(35,9,'delete_subsubsection','Can delete sub sub section');
INSERT INTO "auth_permission" VALUES(36,9,'view_subsubsection','Can view sub sub section');
INSERT INTO "auth_permission" VALUES(37,10,'add_wine','Can add wine');
INSERT INTO "auth_permission" VALUES(38,10,'change_wine','Can change wine');
INSERT INTO "auth_permission" VALUES(39,10,'delete_wine','Can delete wine');
INSERT INTO "auth_permission" VALUES(40,10,'view_wine','Can view wine');
INSERT INTO "auth_permission" VALUES(41,11,'add_subsection','Can add subsection');
INSERT INTO "auth_permission" VALUES(42,11,'change_subsection','Can change subsection');
INSERT INTO "auth_permission" VALUES(43,11,'delete_subsection','Can delete subsection');
INSERT INTO "auth_permission" VALUES(44,11,'view_subsection','Can view subsection');
CREATE INDEX IF NOT EXISTS "wine_wiki_subsection_section_id_043e0489" ON "wine_wiki_subsection" ("section_id");
CREATE INDEX IF NOT EXISTS "wine_wiki_wine_section_id_fe04141e" ON "wine_wiki_wine" ("section_id");
CREATE INDEX IF NOT EXISTS "wine_wiki_wine_subsection_id_f8cab078" ON "wine_wiki_wine" ("subsection_id");
CREATE UNIQUE INDEX "auth_group_permissions_group_id_permission_id_0cd325b0_uniq" ON "auth_group_permissions" ("group_id", "permission_id");
CREATE INDEX IF NOT EXISTS "auth_group_permissions_group_id_b120cbf9" ON "auth_group_permissions" ("group_id");
CREATE INDEX IF NOT EXISTS "auth_group_permissions_permission_id_84c5c92e" ON "auth_group_permissions" ("permission_id");
CREATE UNIQUE INDEX "auth_user_groups_user_id_group_id_94350c0c_uniq" ON "auth_user_groups" ("user_id", "group_id");
CREATE INDEX IF NOT EXISTS "auth_user_groups_user_id_6a12ed8b" ON "auth_user_groups" ("user_id");
CREATE INDEX IF NOT EXISTS "auth_user_groups_group_id_97559544" ON "auth_user_groups" ("group_id");
CREATE UNIQUE INDEX "auth_user_user_permissions_user_id_permission_id_14a6b632_uniq" ON "auth_user_user_permissions" ("user_id", "permission_id");
CREATE INDEX IF NOT EXISTS "auth_user_user_permissions_user_id_a95ead1b" ON "auth_user_user_permissions" ("user_id");
CREATE INDEX IF NOT EXISTS "auth_user_user_permissions_permission_id_1fbb5f2c" ON "auth_user_user_permissions" ("permission_id");
CREATE INDEX IF NOT EXISTS "django_admin_log_content_type_id_c4bce8eb" ON "django_admin_log" ("content_type_id");
CREATE INDEX IF NOT EXISTS "django_admin_log_user_id_c564eba6" ON "django_admin_log" ("user_id");
CREATE UNIQUE INDEX "django_content_type_app_label_model_76bd3d3b_uniq" ON "django_content_type" ("app_label", "model");
CREATE UNIQUE INDEX "auth_permission_content_type_id_codename_01ab375a_uniq" ON "auth_permission" ("content_type_id", "codename");
CREATE INDEX IF NOT EXISTS "auth_permission_content_type_id_2f476e4b" ON "auth_permission" ("content_type_id");
CREATE INDEX IF NOT EXISTS "django_session_expire_date_a5c62663" ON "django_session" ("expire_date");
CREATE INDEX IF NOT EXISTS "wine_wiki_subsubsection_section_id_672550e8" ON "wine_wiki_subsubsection" ("section_id");
CREATE INDEX IF NOT EXISTS "wine_wiki_subsubsection_subsection_id_e501a604" ON "wine_wiki_subsubsection" ("subsection_id");
CREATE TABLE IF NOT EXISTS "auth_user" ("id" integer NOT NULL PRIMARY KEY AUTOINCREMENT, "password" varchar(128) NOT NULL, "last_login" datetime NULL, "is_superuser" bool NOT NULL, "username" varchar(150) NOT NULL UNIQUE, "last_name" varchar(150) NOT NULL, "email" varchar(254) NOT NULL, "is_staff" bool NOT NULL, "is_active" bool NOT NULL, "date_joined" datetime NOT NULL, "first_name" varchar(150) NOT NULL);
CREATE INDEX IF NOT EXISTS "wine_wiki_subsection_section_id_043e0489" ON "wine_wiki_subsection" ("section_id");
CREATE INDEX IF NOT EXISTS "wine_wiki_wine_section_id_fe04141e" ON "wine_wiki_wine" ("section_id");
CREATE INDEX IF NOT EXISTS "wine_wiki_wine_subsection_id_f8cab078" ON "wine_wiki_wine" ("subsection_id");
CREATE UNIQUE INDEX "auth_group_permissions_group_id_permission_id_0cd325b0_uniq" ON "auth_group_permissions" ("group_id", "permission_id");
CREATE INDEX IF NOT EXISTS "auth_group_permissions_group_id_b120cbf9" ON "auth_group_permissions" ("group_id");
CREATE INDEX IF NOT EXISTS "auth_group_permissions_permission_id_84c5c92e" ON "auth_group_permissions" ("permission_id");
CREATE UNIQUE INDEX "auth_user_groups_user_id_group_id_94350c0c_uniq" ON "auth_user_groups" ("user_id", "group_id");
CREATE INDEX IF NOT EXISTS "auth_user_groups_user_id_6a12ed8b" ON "auth_user_groups" ("user_id");
CREATE INDEX IF NOT EXISTS "auth_user_groups_group_id_97559544" ON "auth_user_groups" ("group_id");
CREATE UNIQUE INDEX "auth_user_user_permissions_user_id_permission_id_14a6b632_uniq" ON "auth_user_user_permissions" ("user_id", "permission_id");
CREATE INDEX IF NOT EXISTS "auth_user_user_permissions_user_id_a95ead1b" ON "auth_user_user_permissions" ("user_id");
CREATE INDEX IF NOT EXISTS "auth_user_user_permissions_permission_id_1fbb5f2c" ON "auth_user_user_permissions" ("permission_id");
CREATE INDEX IF NOT EXISTS "django_admin_log_content_type_id_c4bce8eb" ON "django_admin_log" ("content_type_id");
CREATE INDEX IF NOT EXISTS "django_admin_log_user_id_c564eba6" ON "django_admin_log" ("user_id");
CREATE UNIQUE INDEX "django_content_type_app_label_model_76bd3d3b_uniq" ON "django_content_type" ("app_label", "model");
CREATE UNIQUE INDEX "auth_permission_content_type_id_codename_01ab375a_uniq" ON "auth_permission" ("content_type_id", "codename");
CREATE INDEX IF NOT EXISTS "auth_permission_content_type_id_2f476e4b" ON "auth_permission" ("content_type_id");
CREATE INDEX IF NOT EXISTS "django_session_expire_date_a5c62663" ON "django_session" ("expire_date");
CREATE INDEX IF NOT EXISTS "wine_wiki_subsubsection_section_id_672550e8" ON "wine_wiki_subsubsection" ("section_id");
CREATE INDEX IF NOT EXISTS "wine_wiki_subsubsection_subsection_id_e501a604" ON "wine_wiki_subsubsection" ("subsection_id");
CREATE TABLE IF NOT EXISTS "auth_user_groups" ("id" integer NOT NULL PRIMARY KEY AUTOINCREMENT, "user_id" integer NOT NULL REFERENCES "auth_user" ("id") DEFERRABLE INITIALLY DEFERRED, "group_id" integer NOT NULL REFERENCES "auth_group" ("id") DEFERRABLE INITIALLY DEFERRED);
CREATE INDEX IF NOT EXISTS "wine_wiki_subsection_section_id_043e0489" ON "wine_wiki_subsection" ("section_id");
CREATE INDEX IF NOT EXISTS "wine_wiki_wine_section_id_fe04141e" ON "wine_wiki_wine" ("section_id");
CREATE INDEX IF NOT EXISTS "wine_wiki_wine_subsection_id_f8cab078" ON "wine_wiki_wine" ("subsection_id");
CREATE UNIQUE INDEX "auth_group_permissions_group_id_permission_id_0cd325b0_uniq" ON "auth_group_permissions" ("group_id", "permission_id");
CREATE INDEX IF NOT EXISTS "auth_group_permissions_group_id_b120cbf9" ON "auth_group_permissions" ("group_id");
CREATE INDEX IF NOT EXISTS "auth_group_permissions_permission_id_84c5c92e" ON "auth_group_permissions" ("permission_id");
CREATE UNIQUE INDEX "auth_user_groups_user_id_group_id_94350c0c_uniq" ON "auth_user_groups" ("user_id", "group_id");
CREATE INDEX IF NOT EXISTS "auth_user_groups_user_id_6a12ed8b" ON "auth_user_groups" ("user_id");
CREATE INDEX IF NOT EXISTS "auth_user_groups_group_id_97559544" ON "auth_user_groups" ("group_id");
CREATE UNIQUE INDEX "auth_user_user_permissions_user_id_permission_id_14a6b632_uniq" ON "auth_user_user_permissions" ("user_id", "permission_id");
CREATE INDEX IF NOT EXISTS "auth_user_user_permissions_user_id_a95ead1b" ON "auth_user_user_permissions" ("user_id");
CREATE INDEX IF NOT EXISTS "auth_user_user_permissions_permission_id_1fbb5f2c" ON "auth_user_user_permissions" ("permission_id");
CREATE INDEX IF NOT EXISTS "django_admin_log_content_type_id_c4bce8eb" ON "django_admin_log" ("content_type_id");
CREATE INDEX IF NOT EXISTS "django_admin_log_user_id_c564eba6" ON "django_admin_log" ("user_id");
CREATE UNIQUE INDEX "django_content_type_app_label_model_76bd3d3b_uniq" ON "django_content_type" ("app_label", "model");
CREATE UNIQUE INDEX "auth_permission_content_type_id_codename_01ab375a_uniq" ON "auth_permission" ("content_type_id", "codename");
CREATE INDEX IF NOT EXISTS "auth_permission_content_type_id_2f476e4b" ON "auth_permission" ("content_type_id");
CREATE INDEX IF NOT EXISTS "django_session_expire_date_a5c62663" ON "django_session" ("expire_date");
CREATE INDEX IF NOT EXISTS "wine_wiki_subsubsection_section_id_672550e8" ON "wine_wiki_subsubsection" ("section_id");
CREATE INDEX IF NOT EXISTS "wine_wiki_subsubsection_subsection_id_e501a604" ON "wine_wiki_subsubsection" ("subsection_id");
CREATE TABLE IF NOT EXISTS "auth_user_user_permissions" ("id" integer NOT NULL PRIMARY KEY AUTOINCREMENT, "user_id" integer NOT NULL REFERENCES "auth_user" ("id") DEFERRABLE INITIALLY DEFERRED, "permission_id" integer NOT NULL REFERENCES "auth_permission" ("id") DEFERRABLE INITIALLY DEFERRED);
CREATE INDEX IF NOT EXISTS "wine_wiki_subsection_section_id_043e0489" ON "wine_wiki_subsection" ("section_id");
CREATE INDEX IF NOT EXISTS "wine_wiki_wine_section_id_fe04141e" ON "wine_wiki_wine" ("section_id");
CREATE INDEX IF NOT EXISTS "wine_wiki_wine_subsection_id_f8cab078" ON "wine_wiki_wine" ("subsection_id");
CREATE UNIQUE INDEX "auth_group_permissions_group_id_permission_id_0cd325b0_uniq" ON "auth_group_permissions" ("group_id", "permission_id");
CREATE INDEX IF NOT EXISTS "auth_group_permissions_group_id_b120cbf9" ON "auth_group_permissions" ("group_id");
CREATE INDEX IF NOT EXISTS "auth_group_permissions_permission_id_84c5c92e" ON "auth_group_permissions" ("permission_id");
CREATE UNIQUE INDEX "auth_user_groups_user_id_group_id_94350c0c_uniq" ON "auth_user_groups" ("user_id", "group_id");
CREATE INDEX IF NOT EXISTS "auth_user_groups_user_id_6a12ed8b" ON "auth_user_groups" ("user_id");
CREATE INDEX IF NOT EXISTS "auth_user_groups_group_id_97559544" ON "auth_user_groups" ("group_id");
CREATE UNIQUE INDEX "auth_user_user_permissions_user_id_permission_id_14a6b632_uniq" ON "auth_user_user_permissions" ("user_id", "permission_id");
CREATE INDEX IF NOT EXISTS "auth_user_user_permissions_user_id_a95ead1b" ON "auth_user_user_permissions" ("user_id");
CREATE INDEX IF NOT EXISTS "auth_user_user_permissions_permission_id_1fbb5f2c" ON "auth_user_user_permissions" ("permission_id");
CREATE INDEX IF NOT EXISTS "django_admin_log_content_type_id_c4bce8eb" ON "django_admin_log" ("content_type_id");
CREATE INDEX IF NOT EXISTS "django_admin_log_user_id_c564eba6" ON "django_admin_log" ("user_id");
CREATE UNIQUE INDEX "django_content_type_app_label_model_76bd3d3b_uniq" ON "django_content_type" ("app_label", "model");
CREATE UNIQUE INDEX "auth_permission_content_type_id_codename_01ab375a_uniq" ON "auth_permission" ("content_type_id", "codename");
CREATE INDEX IF NOT EXISTS "auth_permission_content_type_id_2f476e4b" ON "auth_permission" ("content_type_id");
CREATE INDEX IF NOT EXISTS "django_session_expire_date_a5c62663" ON "django_session" ("expire_date");
CREATE INDEX IF NOT EXISTS "wine_wiki_subsubsection_section_id_672550e8" ON "wine_wiki_subsubsection" ("section_id");
CREATE INDEX IF NOT EXISTS "wine_wiki_subsubsection_subsection_id_e501a604" ON "wine_wiki_subsubsection" ("subsection_id");
CREATE TABLE IF NOT EXISTS "django_admin_log" ("id" integer NOT NULL PRIMARY KEY AUTOINCREMENT, "object_id" text NULL, "object_repr" varchar(200) NOT NULL, "action_flag" smallint unsigned NOT NULL CHECK ("action_flag" >= 0), "change_message" text NOT NULL, "content_type_id" integer NULL REFERENCES "django_content_type" ("id") DEFERRABLE INITIALLY DEFERRED, "user_id" integer NOT NULL REFERENCES "auth_user" ("id") DEFERRABLE INITIALLY DEFERRED, "action_time" datetime NOT NULL);
CREATE INDEX IF NOT EXISTS "wine_wiki_subsection_section_id_043e0489" ON "wine_wiki_subsection" ("section_id");
CREATE INDEX IF NOT EXISTS "wine_wiki_wine_section_id_fe04141e" ON "wine_wiki_wine" ("section_id");
CREATE INDEX IF NOT EXISTS "wine_wiki_wine_subsection_id_f8cab078" ON "wine_wiki_wine" ("subsection_id");
CREATE UNIQUE INDEX "auth_group_permissions_group_id_permission_id_0cd325b0_uniq" ON "auth_group_permissions" ("group_id", "permission_id");
CREATE INDEX IF NOT EXISTS "auth_group_permissions_group_id_b120cbf9" ON "auth_group_permissions" ("group_id");
CREATE INDEX IF NOT EXISTS "auth_group_permissions_permission_id_84c5c92e" ON "auth_group_permissions" ("permission_id");
CREATE UNIQUE INDEX "auth_user_groups_user_id_group_id_94350c0c_uniq" ON "auth_user_groups" ("user_id", "group_id");
CREATE INDEX IF NOT EXISTS "auth_user_groups_user_id_6a12ed8b" ON "auth_user_groups" ("user_id");
CREATE INDEX IF NOT EXISTS "auth_user_groups_group_id_97559544" ON "auth_user_groups" ("group_id");
CREATE UNIQUE INDEX "auth_user_user_permissions_user_id_permission_id_14a6b632_uniq" ON "auth_user_user_permissions" ("user_id", "permission_id");
CREATE INDEX IF NOT EXISTS "auth_user_user_permissions_user_id_a95ead1b" ON "auth_user_user_permissions" ("user_id");
CREATE INDEX IF NOT EXISTS "auth_user_user_permissions_permission_id_1fbb5f2c" ON "auth_user_user_permissions" ("permission_id");
CREATE INDEX IF NOT EXISTS "django_admin_log_content_type_id_c4bce8eb" ON "django_admin_log" ("content_type_id");
CREATE INDEX IF NOT EXISTS "django_admin_log_user_id_c564eba6" ON "django_admin_log" ("user_id");
CREATE UNIQUE INDEX "django_content_type_app_label_model_76bd3d3b_uniq" ON "django_content_type" ("app_label", "model");
CREATE UNIQUE INDEX "auth_permission_content_type_id_codename_01ab375a_uniq" ON "auth_permission" ("content_type_id", "codename");
CREATE INDEX IF NOT EXISTS "auth_permission_content_type_id_2f476e4b" ON "auth_permission" ("content_type_id");
CREATE INDEX IF NOT EXISTS "django_session_expire_date_a5c62663" ON "django_session" ("expire_date");
CREATE INDEX IF NOT EXISTS "wine_wiki_subsubsection_section_id_672550e8" ON "wine_wiki_subsubsection" ("section_id");
CREATE INDEX IF NOT EXISTS "wine_wiki_subsubsection_subsection_id_e501a604" ON "wine_wiki_subsubsection" ("subsection_id");
CREATE TABLE IF NOT EXISTS "django_content_type" ("id" integer NOT NULL PRIMARY KEY AUTOINCREMENT, "app_label" varchar(100) NOT NULL, "model" varchar(100) NOT NULL);
INSERT INTO "django_content_type" VALUES(1,'admin','logentry');
INSERT INTO "django_content_type" VALUES(2,'auth','permission');
INSERT INTO "django_content_type" VALUES(3,'auth','group');
INSERT INTO "django_content_type" VALUES(4,'auth','user');
INSERT INTO "django_content_type" VALUES(5,'contenttypes','contenttype');
INSERT INTO "django_content_type" VALUES(6,'sessions','session');
INSERT INTO "django_content_type" VALUES(7,'wine_wiki','producer');
INSERT INTO "django_content_type" VALUES(8,'wine_wiki','section');
INSERT INTO "django_content_type" VALUES(9,'wine_wiki','subsubsection');
INSERT INTO "django_content_type" VALUES(10,'wine_wiki','wine');
INSERT INTO "django_content_type" VALUES(11,'wine_wiki','subsection');
CREATE INDEX IF NOT EXISTS "wine_wiki_subsection_section_id_043e0489" ON "wine_wiki_subsection" ("section_id");
CREATE INDEX IF NOT EXISTS "wine_wiki_wine_section_id_fe04141e" ON "wine_wiki_wine" ("section_id");
CREATE INDEX IF NOT EXISTS "wine_wiki_wine_subsection_id_f8cab078" ON "wine_wiki_wine" ("subsection_id");
CREATE UNIQUE INDEX "auth_group_permissions_group_id_permission_id_0cd325b0_uniq" ON "auth_group_permissions" ("group_id", "permission_id");
CREATE INDEX IF NOT EXISTS "auth_group_permissions_group_id_b120cbf9" ON "auth_group_permissions" ("group_id");
CREATE INDEX IF NOT EXISTS "auth_group_permissions_permission_id_84c5c92e" ON "auth_group_permissions" ("permission_id");
CREATE UNIQUE INDEX "auth_user_groups_user_id_group_id_94350c0c_uniq" ON "auth_user_groups" ("user_id", "group_id");
CREATE INDEX IF NOT EXISTS "auth_user_groups_user_id_6a12ed8b" ON "auth_user_groups" ("user_id");
CREATE INDEX IF NOT EXISTS "auth_user_groups_group_id_97559544" ON "auth_user_groups" ("group_id");
CREATE UNIQUE INDEX "auth_user_user_permissions_user_id_permission_id_14a6b632_uniq" ON "auth_user_user_permissions" ("user_id", "permission_id");
CREATE INDEX IF NOT EXISTS "auth_user_user_permissions_user_id_a95ead1b" ON "auth_user_user_permissions" ("user_id");
CREATE INDEX IF NOT EXISTS "auth_user_user_permissions_permission_id_1fbb5f2c" ON "auth_user_user_permissions" ("permission_id");
CREATE INDEX IF NOT EXISTS "django_admin_log_content_type_id_c4bce8eb" ON "django_admin_log" ("content_type_id");
CREATE INDEX IF NOT EXISTS "django_admin_log_user_id_c564eba6" ON "django_admin_log" ("user_id");
CREATE UNIQUE INDEX "django_content_type_app_label_model_76bd3d3b_uniq" ON "django_content_type" ("app_label", "model");
CREATE UNIQUE INDEX "auth_permission_content_type_id_codename_01ab375a_uniq" ON "auth_permission" ("content_type_id", "codename");
CREATE INDEX IF NOT EXISTS "auth_permission_content_type_id_2f476e4b" ON "auth_permission" ("content_type_id");
CREATE INDEX IF NOT EXISTS "django_session_expire_date_a5c62663" ON "django_session" ("expire_date");
CREATE INDEX IF NOT EXISTS "wine_wiki_subsubsection_section_id_672550e8" ON "wine_wiki_subsubsection" ("section_id");
CREATE INDEX IF NOT EXISTS "wine_wiki_subsubsection_subsection_id_e501a604" ON "wine_wiki_subsubsection" ("subsection_id");
CREATE TABLE IF NOT EXISTS "django_migrations" ("id" integer NOT NULL PRIMARY KEY AUTOINCREMENT, "app" varchar(255) NOT NULL, "name" varchar(255) NOT NULL, "applied" datetime NOT NULL);
INSERT INTO "django_migrations" VALUES(1,'wine_wiki','0001_initial','2025-07-25 05:17:18.239985');
INSERT INTO "django_migrations" VALUES(2,'wine_wiki','0002_populate_section','2025-07-25 05:26:33.134325');
INSERT INTO "django_migrations" VALUES(3,'wine_wiki','0003_populate_subsection','2025-07-25 05:30:42.666842');
INSERT INTO "django_migrations" VALUES(4,'wine_wiki','0004_populate_wines','2025-07-25 05:30:44.889108');
INSERT INTO "django_migrations" VALUES(5,'contenttypes','0001_initial','2025-08-01 05:10:02.555087');
INSERT INTO "django_migrations" VALUES(6,'auth','0001_initial','2025-08-01 05:10:02.566484');
INSERT INTO "django_migrations" VALUES(7,'admin','0001_initial','2025-08-01 05:10:02.584210');
INSERT INTO "django_migrations" VALUES(8,'admin','0002_logentry_remove_auto_add','2025-08-01 05:10:02.591525');
INSERT INTO "django_migrations" VALUES(9,'admin','0003_logentry_add_action_flag_choices','2025-08-01 05:10:02.596108');
INSERT INTO "django_migrations" VALUES(10,'contenttypes','0002_remove_content_type_name','2025-08-01 05:10:02.609539');
INSERT INTO "django_migrations" VALUES(11,'auth','0002_alter_permission_name_max_length','2025-08-01 05:10:02.616279');
INSERT INTO "django_migrations" VALUES(12,'auth','0003_alter_user_email_max_length','2025-08-01 05:10:02.622965');
INSERT INTO "django_migrations" VALUES(13,'auth','0004_alter_user_username_opts','2025-08-01 05:10:02.628782');
INSERT INTO "django_migrations" VALUES(14,'auth','0005_alter_user_last_login_null','2025-08-01 05:10:02.635518');
INSERT INTO "django_migrations" VALUES(15,'auth','0006_require_contenttypes_0002','2025-08-01 05:10:02.636427');
INSERT INTO "django_migrations" VALUES(16,'auth','0007_alter_validators_add_error_messages','2025-08-01 05:10:02.642064');
INSERT INTO "django_migrations" VALUES(17,'auth','0008_alter_user_username_max_length','2025-08-01 05:10:02.652570');
INSERT INTO "django_migrations" VALUES(18,'auth','0009_alter_user_last_name_max_length','2025-08-01 05:10:02.659232');
INSERT INTO "django_migrations" VALUES(19,'auth','0010_alter_group_name_max_length','2025-08-01 05:10:02.666551');
INSERT INTO "django_migrations" VALUES(20,'auth','0011_update_proxy_permissions','2025-08-01 05:10:02.676604');
INSERT INTO "django_migrations" VALUES(21,'auth','0012_alter_user_first_name_max_length','2025-08-01 05:10:02.686390');
INSERT INTO "django_migrations" VALUES(22,'sessions','0001_initial','2025-08-01 05:10:02.689409');
INSERT INTO "django_migrations" VALUES(23,'wine_wiki','0005_subsubsection','2025-08-01 05:12:19.605153');
CREATE INDEX IF NOT EXISTS "wine_wiki_subsection_section_id_043e0489" ON "wine_wiki_subsection" ("section_id");
CREATE INDEX IF NOT EXISTS "wine_wiki_wine_section_id_fe04141e" ON "wine_wiki_wine" ("section_id");
CREATE INDEX IF NOT EXISTS "wine_wiki_wine_subsection_id_f8cab078" ON "wine_wiki_wine" ("subsection_id");
CREATE UNIQUE INDEX "auth_group_permissions_group_id_permission_id_0cd325b0_uniq" ON "auth_group_permissions" ("group_id", "permission_id");
CREATE INDEX IF NOT EXISTS "auth_group_permissions_group_id_b120cbf9" ON "auth_group_permissions" ("group_id");
CREATE INDEX IF NOT EXISTS "auth_group_permissions_permission_id_84c5c92e" ON "auth_group_permissions" ("permission_id");
CREATE UNIQUE INDEX "auth_user_groups_user_id_group_id_94350c0c_uniq" ON "auth_user_groups" ("user_id", "group_id");
CREATE INDEX IF NOT EXISTS "auth_user_groups_user_id_6a12ed8b" ON "auth_user_groups" ("user_id");
CREATE INDEX IF NOT EXISTS "auth_user_groups_group_id_97559544" ON "auth_user_groups" ("group_id");
CREATE UNIQUE INDEX "auth_user_user_permissions_user_id_permission_id_14a6b632_uniq" ON "auth_user_user_permissions" ("user_id", "permission_id");
CREATE INDEX IF NOT EXISTS "auth_user_user_permissions_user_id_a95ead1b" ON "auth_user_user_permissions" ("user_id");
CREATE INDEX IF NOT EXISTS "auth_user_user_permissions_permission_id_1fbb5f2c" ON "auth_user_user_permissions" ("permission_id");
CREATE INDEX IF NOT EXISTS "django_admin_log_content_type_id_c4bce8eb" ON "django_admin_log" ("content_type_id");
CREATE INDEX IF NOT EXISTS "django_admin_log_user_id_c564eba6" ON "django_admin_log" ("user_id");
CREATE UNIQUE INDEX "django_content_type_app_label_model_76bd3d3b_uniq" ON "django_content_type" ("app_label", "model");
CREATE UNIQUE INDEX "auth_permission_content_type_id_codename_01ab375a_uniq" ON "auth_permission" ("content_type_id", "codename");
CREATE INDEX IF NOT EXISTS "auth_permission_content_type_id_2f476e4b" ON "auth_permission" ("content_type_id");
CREATE INDEX IF NOT EXISTS "django_session_expire_date_a5c62663" ON "django_session" ("expire_date");
CREATE INDEX IF NOT EXISTS "wine_wiki_subsubsection_section_id_672550e8" ON "wine_wiki_subsubsection" ("section_id");
CREATE INDEX IF NOT EXISTS "wine_wiki_subsubsection_subsection_id_e501a604" ON "wine_wiki_subsubsection" ("subsection_id");
CREATE TABLE IF NOT EXISTS "django_session" ("session_key" varchar(40) NOT NULL PRIMARY KEY, "session_data" text NOT NULL, "expire_date" datetime NOT NULL);
CREATE INDEX IF NOT EXISTS "wine_wiki_subsection_section_id_043e0489" ON "wine_wiki_subsection" ("section_id");
CREATE INDEX IF NOT EXISTS "wine_wiki_wine_section_id_fe04141e" ON "wine_wiki_wine" ("section_id");
CREATE INDEX IF NOT EXISTS "wine_wiki_wine_subsection_id_f8cab078" ON "wine_wiki_wine" ("subsection_id");
CREATE UNIQUE INDEX "auth_group_permissions_group_id_permission_id_0cd325b0_uniq" ON "auth_group_permissions" ("group_id", "permission_id");
CREATE INDEX IF NOT EXISTS "auth_group_permissions_group_id_b120cbf9" ON "auth_group_permissions" ("group_id");
CREATE INDEX IF NOT EXISTS "auth_group_permissions_permission_id_84c5c92e" ON "auth_group_permissions" ("permission_id");
CREATE UNIQUE INDEX "auth_user_groups_user_id_group_id_94350c0c_uniq" ON "auth_user_groups" ("user_id", "group_id");
CREATE INDEX IF NOT EXISTS "auth_user_groups_user_id_6a12ed8b" ON "auth_user_groups" ("user_id");
CREATE INDEX IF NOT EXISTS "auth_user_groups_group_id_97559544" ON "auth_user_groups" ("group_id");
CREATE UNIQUE INDEX "auth_user_user_permissions_user_id_permission_id_14a6b632_uniq" ON "auth_user_user_permissions" ("user_id", "permission_id");
CREATE INDEX IF NOT EXISTS "auth_user_user_permissions_user_id_a95ead1b" ON "auth_user_user_permissions" ("user_id");
CREATE INDEX IF NOT EXISTS "auth_user_user_permissions_permission_id_1fbb5f2c" ON "auth_user_user_permissions" ("permission_id");
CREATE INDEX IF NOT EXISTS "django_admin_log_content_type_id_c4bce8eb" ON "django_admin_log" ("content_type_id");
CREATE INDEX IF NOT EXISTS "django_admin_log_user_id_c564eba6" ON "django_admin_log" ("user_id");
CREATE UNIQUE INDEX "django_content_type_app_label_model_76bd3d3b_uniq" ON "django_content_type" ("app_label", "model");
CREATE UNIQUE INDEX "auth_permission_content_type_id_codename_01ab375a_uniq" ON "auth_permission" ("content_type_id", "codename");
CREATE INDEX IF NOT EXISTS "auth_permission_content_type_id_2f476e4b" ON "auth_permission" ("content_type_id");
CREATE INDEX IF NOT EXISTS "django_session_expire_date_a5c62663" ON "django_session" ("expire_date");
CREATE INDEX IF NOT EXISTS "wine_wiki_subsubsection_section_id_672550e8" ON "wine_wiki_subsubsection" ("section_id");
CREATE INDEX IF NOT EXISTS "wine_wiki_subsubsection_subsection_id_e501a604" ON "wine_wiki_subsubsection" ("subsection_id");
CREATE TABLE IF NOT EXISTS "wine_wiki_producer" ("id" integer NOT NULL PRIMARY KEY AUTOINCREMENT, "producer_name" varchar(100) NOT NULL, "region" varchar(100) NOT NULL, "description" text NOT NULL);
CREATE INDEX IF NOT EXISTS "wine_wiki_subsection_section_id_043e0489" ON "wine_wiki_subsection" ("section_id");
CREATE INDEX IF NOT EXISTS "wine_wiki_wine_section_id_fe04141e" ON "wine_wiki_wine" ("section_id");
CREATE INDEX IF NOT EXISTS "wine_wiki_wine_subsection_id_f8cab078" ON "wine_wiki_wine" ("subsection_id");
CREATE UNIQUE INDEX "auth_group_permissions_group_id_permission_id_0cd325b0_uniq" ON "auth_group_permissions" ("group_id", "permission_id");
CREATE INDEX IF NOT EXISTS "auth_group_permissions_group_id_b120cbf9" ON "auth_group_permissions" ("group_id");
CREATE INDEX IF NOT EXISTS "auth_group_permissions_permission_id_84c5c92e" ON "auth_group_permissions" ("permission_id");
CREATE UNIQUE INDEX "auth_user_groups_user_id_group_id_94350c0c_uniq" ON "auth_user_groups" ("user_id", "group_id");
CREATE INDEX IF NOT EXISTS "auth_user_groups_user_id_6a12ed8b" ON "auth_user_groups" ("user_id");
CREATE INDEX IF NOT EXISTS "auth_user_groups_group_id_97559544" ON "auth_user_groups" ("group_id");
CREATE UNIQUE INDEX "auth_user_user_permissions_user_id_permission_id_14a6b632_uniq" ON "auth_user_user_permissions" ("user_id", "permission_id");
CREATE INDEX IF NOT EXISTS "auth_user_user_permissions_user_id_a95ead1b" ON "auth_user_user_permissions" ("user_id");
CREATE INDEX IF NOT EXISTS "auth_user_user_permissions_permission_id_1fbb5f2c" ON "auth_user_user_permissions" ("permission_id");
CREATE INDEX IF NOT EXISTS "django_admin_log_content_type_id_c4bce8eb" ON "django_admin_log" ("content_type_id");
CREATE INDEX IF NOT EXISTS "django_admin_log_user_id_c564eba6" ON "django_admin_log" ("user_id");
CREATE UNIQUE INDEX "django_content_type_app_label_model_76bd3d3b_uniq" ON "django_content_type" ("app_label", "model");
CREATE UNIQUE INDEX "auth_permission_content_type_id_codename_01ab375a_uniq" ON "auth_permission" ("content_type_id", "codename");
CREATE INDEX IF NOT EXISTS "auth_permission_content_type_id_2f476e4b" ON "auth_permission" ("content_type_id");
CREATE INDEX IF NOT EXISTS "django_session_expire_date_a5c62663" ON "django_session" ("expire_date");
CREATE INDEX IF NOT EXISTS "wine_wiki_subsubsection_section_id_672550e8" ON "wine_wiki_subsubsection" ("section_id");
CREATE INDEX IF NOT EXISTS "wine_wiki_subsubsection_subsection_id_e501a604" ON "wine_wiki_subsubsection" ("subsection_id");
CREATE TABLE IF NOT EXISTS "wine_wiki_section" ("order" integer NOT NULL UNIQUE, "section" varchar(100) NOT NULL PRIMARY KEY);
INSERT INTO "wine_wiki_section" VALUES(0,'sparkling wine');
INSERT INTO "wine_wiki_section" VALUES(1,'white wine');
INSERT INTO "wine_wiki_section" VALUES(2,'orange, rosé and chilled red wine');
INSERT INTO "wine_wiki_section" VALUES(3,'red wine');
INSERT INTO "wine_wiki_section" VALUES(4,'dessert wine');
CREATE INDEX IF NOT EXISTS "wine_wiki_subsection_section_id_043e0489" ON "wine_wiki_subsection" ("section_id");
CREATE INDEX IF NOT EXISTS "wine_wiki_wine_section_id_fe04141e" ON "wine_wiki_wine" ("section_id");
CREATE INDEX IF NOT EXISTS "wine_wiki_wine_subsection_id_f8cab078" ON "wine_wiki_wine" ("subsection_id");
CREATE UNIQUE INDEX "auth_group_permissions_group_id_permission_id_0cd325b0_uniq" ON "auth_group_permissions" ("group_id", "permission_id");
CREATE INDEX IF NOT EXISTS "auth_group_permissions_group_id_b120cbf9" ON "auth_group_permissions" ("group_id");
CREATE INDEX IF NOT EXISTS "auth_group_permissions_permission_id_84c5c92e" ON "auth_group_permissions" ("permission_id");
CREATE UNIQUE INDEX "auth_user_groups_user_id_group_id_94350c0c_uniq" ON "auth_user_groups" ("user_id", "group_id");
CREATE INDEX IF NOT EXISTS "auth_user_groups_user_id_6a12ed8b" ON "auth_user_groups" ("user_id");
CREATE INDEX IF NOT EXISTS "auth_user_groups_group_id_97559544" ON "auth_user_groups" ("group_id");
CREATE UNIQUE INDEX "auth_user_user_permissions_user_id_permission_id_14a6b632_uniq" ON "auth_user_user_permissions" ("user_id", "permission_id");
CREATE INDEX IF NOT EXISTS "auth_user_user_permissions_user_id_a95ead1b" ON "auth_user_user_permissions" ("user_id");
CREATE INDEX IF NOT EXISTS "auth_user_user_permissions_permission_id_1fbb5f2c" ON "auth_user_user_permissions" ("permission_id");
CREATE INDEX IF NOT EXISTS "django_admin_log_content_type_id_c4bce8eb" ON "django_admin_log" ("content_type_id");
CREATE INDEX IF NOT EXISTS "django_admin_log_user_id_c564eba6" ON "django_admin_log" ("user_id");
CREATE UNIQUE INDEX "django_content_type_app_label_model_76bd3d3b_uniq" ON "django_content_type" ("app_label", "model");
CREATE UNIQUE INDEX "auth_permission_content_type_id_codename_01ab375a_uniq" ON "auth_permission" ("content_type_id", "codename");
CREATE INDEX IF NOT EXISTS "auth_permission_content_type_id_2f476e4b" ON "auth_permission" ("content_type_id");
CREATE INDEX IF NOT EXISTS "django_session_expire_date_a5c62663" ON "django_session" ("expire_date");
CREATE INDEX IF NOT EXISTS "wine_wiki_subsubsection_section_id_672550e8" ON "wine_wiki_subsubsection" ("section_id");
CREATE INDEX IF NOT EXISTS "wine_wiki_subsubsection_subsection_id_e501a604" ON "wine_wiki_subsubsection" ("subsection_id");
CREATE TABLE IF NOT EXISTS "wine_wiki_subsection" ("subsection" varchar(100) NOT NULL PRIMARY KEY, "order" integer NOT NULL, "section_id" varchar(100) NOT NULL REFERENCES "wine_wiki_section" ("section") DEFERRABLE INITIALLY DEFERRED);
INSERT INTO "wine_wiki_subsection" VALUES('champagne',0,'sparkling wine');
INSERT INTO "wine_wiki_subsection" VALUES('australia',1,'sparkling wine');
INSERT INTO "wine_wiki_subsection" VALUES('riesling',2,'white wine');
INSERT INTO "wine_wiki_subsection" VALUES('semillon and blends',3,'white wine');
INSERT INTO "wine_wiki_subsection" VALUES('pinot gris',4,'white wine');
INSERT INTO "wine_wiki_subsection" VALUES('sauvignon blanc and blends',5,'white wine');
INSERT INTO "wine_wiki_subsection" VALUES('pinot blanc',6,'white wine');
INSERT INTO "wine_wiki_subsection" VALUES('chenin blanc',7,'white wine');
INSERT INTO "wine_wiki_subsection" VALUES('fiano',8,'white wine');
INSERT INTO "wine_wiki_subsection" VALUES('viognier',9,'white wine');
INSERT INTO "wine_wiki_subsection" VALUES('white varietals',10,'white wine');
INSERT INTO "wine_wiki_subsection" VALUES('chardonnay',11,'white wine');
INSERT INTO "wine_wiki_subsection" VALUES('skin contact and amphora',12,'orange, rosé and chilled red wine');
INSERT INTO "wine_wiki_subsection" VALUES('rosé',13,'orange, rosé and chilled red wine');
INSERT INTO "wine_wiki_subsection" VALUES('chilled red wine',14,'orange, rosé and chilled red wine');
INSERT INTO "wine_wiki_subsection" VALUES('pinot noir',15,'red wine');
INSERT INTO "wine_wiki_subsection" VALUES('nebbiolo',16,'red wine');
INSERT INTO "wine_wiki_subsection" VALUES('sangiovese',17,'red wine');
INSERT INTO "wine_wiki_subsection" VALUES('gamay',18,'red wine');
INSERT INTO "wine_wiki_subsection" VALUES('red varietals',19,'red wine');
INSERT INTO "wine_wiki_subsection" VALUES('cabernet franc',20,'red wine');
INSERT INTO "wine_wiki_subsection" VALUES('cabernet sauvignon and blends',21,'red wine');
INSERT INTO "wine_wiki_subsection" VALUES('merlot and blends',22,'red wine');
INSERT INTO "wine_wiki_subsection" VALUES('grenache and blends',23,'red wine');
INSERT INTO "wine_wiki_subsection" VALUES('tempranillo, touriga nacional and blends',24,'red wine');
INSERT INTO "wine_wiki_subsection" VALUES('shiraz and blends',25,'red wine');
INSERT INTO "wine_wiki_subsection" VALUES('sweet wine',26,'dessert wine');
INSERT INTO "wine_wiki_subsection" VALUES('fortified',27,'dessert wine');
INSERT INTO "wine_wiki_subsection" VALUES('sherry, spain',28,'dessert wine');
CREATE INDEX IF NOT EXISTS "wine_wiki_subsection_section_id_043e0489" ON "wine_wiki_subsection" ("section_id");
CREATE INDEX IF NOT EXISTS "wine_wiki_wine_section_id_fe04141e" ON "wine_wiki_wine" ("section_id");
CREATE INDEX IF NOT EXISTS "wine_wiki_wine_subsection_id_f8cab078" ON "wine_wiki_wine" ("subsection_id");
CREATE UNIQUE INDEX "auth_group_permissions_group_id_permission_id_0cd325b0_uniq" ON "auth_group_permissions" ("group_id", "permission_id");
CREATE INDEX IF NOT EXISTS "auth_group_permissions_group_id_b120cbf9" ON "auth_group_permissions" ("group_id");
CREATE INDEX IF NOT EXISTS "auth_group_permissions_permission_id_84c5c92e" ON "auth_group_permissions" ("permission_id");
CREATE UNIQUE INDEX "auth_user_groups_user_id_group_id_94350c0c_uniq" ON "auth_user_groups" ("user_id", "group_id");
CREATE INDEX IF NOT EXISTS "auth_user_groups_user_id_6a12ed8b" ON "auth_user_groups" ("user_id");
CREATE INDEX IF NOT EXISTS "auth_user_groups_group_id_97559544" ON "auth_user_groups" ("group_id");
CREATE UNIQUE INDEX "auth_user_user_permissions_user_id_permission_id_14a6b632_uniq" ON "auth_user_user_permissions" ("user_id", "permission_id");
CREATE INDEX IF NOT EXISTS "auth_user_user_permissions_user_id_a95ead1b" ON "auth_user_user_permissions" ("user_id");
CREATE INDEX IF NOT EXISTS "auth_user_user_permissions_permission_id_1fbb5f2c" ON "auth_user_user_permissions" ("permission_id");
CREATE INDEX IF NOT EXISTS "django_admin_log_content_type_id_c4bce8eb" ON "django_admin_log" ("content_type_id");
CREATE INDEX IF NOT EXISTS "django_admin_log_user_id_c564eba6" ON "django_admin_log" ("user_id");
CREATE UNIQUE INDEX "django_content_type_app_label_model_76bd3d3b_uniq" ON "django_content_type" ("app_label", "model");
CREATE UNIQUE INDEX "auth_permission_content_type_id_codename_01ab375a_uniq" ON "auth_permission" ("content_type_id", "codename");
CREATE INDEX IF NOT EXISTS "auth_permission_content_type_id_2f476e4b" ON "auth_permission" ("content_type_id");
CREATE INDEX IF NOT EXISTS "django_session_expire_date_a5c62663" ON "django_session" ("expire_date");
CREATE INDEX IF NOT EXISTS "wine_wiki_subsubsection_section_id_672550e8" ON "wine_wiki_subsubsection" ("section_id");
CREATE INDEX IF NOT EXISTS "wine_wiki_subsubsection_subsection_id_e501a604" ON "wine_wiki_subsubsection" ("subsection_id");
CREATE TABLE IF NOT EXISTS "wine_wiki_subsubsection" ("id" integer NOT NULL PRIMARY KEY AUTOINCREMENT, "subsubsection" varchar(100) NOT NULL, "order" integer NOT NULL, "section_id" varchar(100) NOT NULL REFERENCES "wine_wiki_section" ("section") DEFERRABLE INITIALLY DEFERRED, "subsection_id" varchar(100) NOT NULL REFERENCES "wine_wiki_subsection" ("subsection") DEFERRABLE INITIALLY DEFERRED);
CREATE INDEX IF NOT EXISTS "wine_wiki_subsection_section_id_043e0489" ON "wine_wiki_subsection" ("section_id");
CREATE INDEX IF NOT EXISTS "wine_wiki_wine_section_id_fe04141e" ON "wine_wiki_wine" ("section_id");
CREATE INDEX IF NOT EXISTS "wine_wiki_wine_subsection_id_f8cab078" ON "wine_wiki_wine" ("subsection_id");
CREATE UNIQUE INDEX "auth_group_permissions_group_id_permission_id_0cd325b0_uniq" ON "auth_group_permissions" ("group_id", "permission_id");
CREATE INDEX IF NOT EXISTS "auth_group_permissions_group_id_b120cbf9" ON "auth_group_permissions" ("group_id");
CREATE INDEX IF NOT EXISTS "auth_group_permissions_permission_id_84c5c92e" ON "auth_group_permissions" ("permission_id");
CREATE UNIQUE INDEX "auth_user_groups_user_id_group_id_94350c0c_uniq" ON "auth_user_groups" ("user_id", "group_id");
CREATE INDEX IF NOT EXISTS "auth_user_groups_user_id_6a12ed8b" ON "auth_user_groups" ("user_id");
CREATE INDEX IF NOT EXISTS "auth_user_groups_group_id_97559544" ON "auth_user_groups" ("group_id");
CREATE UNIQUE INDEX "auth_user_user_permissions_user_id_permission_id_14a6b632_uniq" ON "auth_user_user_permissions" ("user_id", "permission_id");
CREATE INDEX IF NOT EXISTS "auth_user_user_permissions_user_id_a95ead1b" ON "auth_user_user_permissions" ("user_id");
CREATE INDEX IF NOT EXISTS "auth_user_user_permissions_permission_id_1fbb5f2c" ON "auth_user_user_permissions" ("permission_id");
CREATE INDEX IF NOT EXISTS "django_admin_log_content_type_id_c4bce8eb" ON "django_admin_log" ("content_type_id");
CREATE INDEX IF NOT EXISTS "django_admin_log_user_id_c564eba6" ON "django_admin_log" ("user_id");
CREATE UNIQUE INDEX "django_content_type_app_label_model_76bd3d3b_uniq" ON "django_content_type" ("app_label", "model");
CREATE UNIQUE INDEX "auth_permission_content_type_id_codename_01ab375a_uniq" ON "auth_permission" ("content_type_id", "codename");
CREATE INDEX IF NOT EXISTS "auth_permission_content_type_id_2f476e4b" ON "auth_permission" ("content_type_id");
CREATE INDEX IF NOT EXISTS "django_session_expire_date_a5c62663" ON "django_session" ("expire_date");
CREATE INDEX IF NOT EXISTS "wine_wiki_subsubsection_section_id_672550e8" ON "wine_wiki_subsubsection" ("section_id");
CREATE INDEX IF NOT EXISTS "wine_wiki_subsubsection_subsection_id_e501a604" ON "wine_wiki_subsubsection" ("subsection_id");
CREATE TABLE IF NOT EXISTS "wine_wiki_wine" ("id" integer NOT NULL PRIMARY KEY AUTOINCREMENT, "line_num_tot" integer NULL, "page_num" integer NOT NULL, "page_line_num" integer NOT NULL, "subsubsection" varchar NOT NULL, "vintage" varchar(4) NULL, "merged_text_ext" text NULL, "base_year" integer NULL, "cuvee_name" text NULL, "disgorg_year" integer NULL, "price" integer NOT NULL, "merged_text" text NULL, "producer" varchar(100) NULL, "dryness" varchar(100) NULL, "country" varchar(100) NULL, "state" varchar(100) NULL, "region" varchar(100) NULL, "subregion" varchar(100) NULL, "commune" varchar(100) NULL, "vineyard" varchar(100) NULL, "wine_name" varchar(100) NULL, "variety" varchar(100) NULL, "style" varchar(100) NULL, "classification" varchar(100) NULL, "volume" varchar(100) NULL, "series" varchar(100) NULL, "bpos_key" varchar(100) NULL, "description" text NULL, "is_published" bool NOT NULL, "created_on" datetime NOT NULL, "section_id" varchar(100) NULL REFERENCES "wine_wiki_section" ("section") DEFERRABLE INITIALLY DEFERRED, "subsection_id" varchar(100) NULL REFERENCES "wine_wiki_subsection" ("subsection") DEFERRABLE INITIALLY DEFERRED);
INSERT INTO "wine_wiki_wine" VALUES(0,0,6,0,'côte des bar (aube)','nv','vouette et sorbée extra-brut barséquanais',19,'blanc d’argile',2022,550,'nv (19) vouette et sorbée ‘blanc d’argile’ extra-brut (disg 2022) barséquanais 550','vouette et sorbée','extra-brut',NULL,NULL,'champagne','côte des bar (aube)','barséquanais',NULL,NULL,NULL,NULL,NULL,NULL,NULL,NULL,'# Description

This is a description.

## Subsection

this is a list:

- a
- b
- c',0,'2025-07-25 05:30:42.712312','sparkling wine','champagne');
INSERT INTO "wine_wiki_wine" VALUES(1,1,6,1,'côte des bar (aube)','nv','vouette et sorbée brut nature barséquanais',19,'fidèle',2022,465,'nv (19) vouette et sorbée ‘ fidèle ’ brut nature (disg 2022) barséquanais 465','vouette et sorbée','brut nature',NULL,NULL,'champagne','côte des bar (aube)','barséquanais',NULL,NULL,NULL,NULL,NULL,NULL,NULL,NULL,NULL,0,'2025-07-25 05:30:42.727360','sparkling wine','champagne');
INSERT INTO "wine_wiki_wine" VALUES(2,2,6,2,'côte des bar (aube)','2020','cedric bouchard extra-brut celles-sur-ource',NULL,'les ursules',2024,1200,'2020 cedric bouchard ‘les ursules’ extra-brut (disg 2024) celles-sur-ource 1,200','cedric bouchard','extra-brut',NULL,NULL,'champagne','côte des bar (aube)','celles-sur-ource',NULL,NULL,NULL,NULL,NULL,NULL,NULL,NULL,NULL,0,'2025-07-25 05:30:42.731402','sparkling wine','champagne');
INSERT INTO "wine_wiki_wine" VALUES(3,3,6,3,'côte des bar (aube)','2022','cedric bouchard extra-brut celles-sur-ource',NULL,'val vilaine',2024,980,'2022 cedric bouchard ‘val vilaine’ extra-brut (disg 2024) celles-sur-ource 980','cedric bouchard','extra-brut',NULL,NULL,'champagne','côte des bar (aube)','celles-sur-ource',NULL,NULL,NULL,NULL,NULL,NULL,NULL,NULL,NULL,0,'2025-07-25 05:30:42.735217','sparkling wine','champagne');
INSERT INTO "wine_wiki_wine" VALUES(4,4,6,4,'côte des blancs','2012','pascal agrapart brut nature avize',NULL,'expérience',2018,1300,'2012 pascal agrapart ‘expérience’ brut nature (disg 2018) avize 1,300','pascal agrapart','brut nature',NULL,NULL,'champagne','côte des blancs','avize',NULL,NULL,NULL,NULL,NULL,NULL,NULL,NULL,NULL,0,'2025-07-25 05:30:42.737447','sparkling wine','champagne');
INSERT INTO "wine_wiki_wine" VALUES(5,5,6,5,'côte des blancs','nv','agrapart & fils extra-brut avize',21,'terroirs',2024,580,'nv (21) agrapart & fils ‘terroirs’ extra-brut (disg 2024) avize 580','agrapart & fils','extra-brut',NULL,NULL,'champagne','côte des blancs','avize',NULL,NULL,NULL,NULL,NULL,NULL,NULL,NULL,NULL,0,'2025-07-25 05:30:42.739813','sparkling wine','champagne');
INSERT INTO "wine_wiki_wine" VALUES(6,6,6,6,'côte des blancs','nv','jacques selosse brut avize',NULL,'substance',2017,1850,'nv jacques selosse ‘substance’ brut (disg 2017) avize 1,850','jacques selosse',' brut',NULL,NULL,'champagne','côte des blancs','avize',NULL,NULL,NULL,NULL,NULL,NULL,NULL,NULL,NULL,0,'2025-07-25 05:30:42.742827','sparkling wine','champagne');
INSERT INTO "wine_wiki_wine" VALUES(7,7,6,7,'côte des blancs','nv','jacques selosse brut avize',NULL,'substance',2020,1650,'nv jacques selosse ‘substance’ brut (disg 2020) avize 1,650','jacques selosse',' brut',NULL,NULL,'champagne','côte des blancs','avize',NULL,NULL,NULL,NULL,NULL,NULL,NULL,NULL,NULL,0,'2025-07-25 05:30:42.746852','sparkling wine','champagne');
INSERT INTO "wine_wiki_wine" VALUES(8,8,6,8,'côte des blancs','nv','jacques selosse brut avize/ambonnay',NULL,'rose',2024,1320,'nv jacques selosse ‘rose’ brut (disg 2024) avize/ambonnay 1,320','jacques selosse',' brut',NULL,NULL,'champagne','côte des blancs','avize/ambonnay',NULL,NULL,NULL,NULL,NULL,NULL,NULL,NULL,NULL,0,'2025-07-25 05:30:42.748744','sparkling wine','champagne');
INSERT INTO "wine_wiki_wine" VALUES(9,9,6,9,'côte des blancs','2016','pascal agrapart extra-brut avize',NULL,'l’avizoise',2021,915,'2016 pascal agrapart ‘l’avizoise’ extra-brut (disg 2021) avize 915','pascal agrapart','extra-brut',NULL,NULL,'champagne','côte des blancs','avize',NULL,NULL,NULL,NULL,NULL,NULL,NULL,NULL,NULL,0,'2025-07-25 05:30:42.750704','sparkling wine','champagne');
INSERT INTO "wine_wiki_wine" VALUES(10,10,6,10,'côte des blancs','2016','pascal agrapart extra-brut avize',NULL,'minéral',2021,720,'2016 pascal agrapart ‘minéral’ extra-brut (disg 2021) avize 720','pascal agrapart','extra-brut',NULL,NULL,'champagne','côte des blancs','avize',NULL,NULL,NULL,NULL,NULL,NULL,NULL,NULL,NULL,0,'2025-07-25 05:30:42.752882','sparkling wine','champagne');
INSERT INTO "wine_wiki_wine" VALUES(11,11,6,11,'côte des blancs','nv','ulysse collin extra-brut congy',19,'les pierrières',2024,800,'nv (19) ulysse collin ‘les pierrières’ extra-brut (disg 2024) congy 800','ulysse collin','extra-brut',NULL,NULL,'champagne','côte des blancs','congy',NULL,NULL,NULL,NULL,NULL,NULL,NULL,NULL,'',0,'2025-07-25 05:30:42.756219','sparkling wine','champagne');
INSERT INTO "wine_wiki_wine" VALUES(12,12,6,12,'côte des blancs','2008','krug vintage brut le mesnil-sur-oger',NULL,'clos du mesnil',2019,4620,'2008 krug vintage ‘clos du mesnil’ brut (disg 2019) le mesnil-sur-oger 4,620','krug',' brut',NULL,NULL,'champagne','côte des blancs','le mesnil-sur-oger',NULL,NULL,NULL,'vintage',NULL,NULL,NULL,NULL,NULL,0,'2025-07-25 05:30:42.758508','sparkling wine','champagne');
INSERT INTO "wine_wiki_wine" VALUES(13,13,6,13,'côte des blancs','nv','pertois- moriset brut le mesnil-sur-oger',20,'les quatre terroirs',2023,400,'nv (20) pertois- moriset ‘les quatre terroirs’ brut (disg 2023) le mesnil-sur-oger 400','pertois-moriset',' brut',NULL,NULL,'champagne','côte des blancs','le mesnil-sur-oger',NULL,NULL,NULL,NULL,NULL,NULL,NULL,NULL,NULL,0,'2025-07-25 05:30:42.761001','sparkling wine','champagne');
INSERT INTO "wine_wiki_wine" VALUES(14,14,6,14,'côte des blancs','nv','jérôme prévost extra-brut mesnil/puisieulx',21,'grand cru',2023,1300,'nv (21) jérôme prévost ‘grand cru’ extra-brut (disg 2023) mesnil/puisieulx 1,300','jérôme prévost','extra-brut',NULL,NULL,'champagne','côte des blancs','mesnil/puisieulx',NULL,NULL,NULL,NULL,NULL,NULL,NULL,NULL,NULL,0,'2025-07-25 05:30:42.768171','sparkling wine','champagne');
INSERT INTO "wine_wiki_wine" VALUES(15,15,6,15,'côte des blancs','nv','larmandier- bernier extra-brut vertus',21,'latitude',2024,380,'nv (21) larmandier- bernier ‘latitude’ extra-brut (disg 2024) vertus 380','larmandier-bernier','extra-brut',NULL,NULL,'champagne','côte des blancs','vertus',NULL,NULL,NULL,NULL,NULL,NULL,NULL,NULL,NULL,0,'2025-07-25 05:30:42.771060','sparkling wine','champagne');
INSERT INTO "wine_wiki_wine" VALUES(16,16,6,16,'côte de sézanne','nv','ulysse collin extra-brut barbonne-fayel',18,'les maillons',2022,720,'nv (18) ulysse collin ‘les maillons’ extra-brut (disg 2022) barbonne-fayel 720','ulysse collin','extra-brut',NULL,NULL,'champagne','côte de sézanne','barbonne-fayel',NULL,NULL,NULL,NULL,NULL,NULL,NULL,NULL,NULL,0,'2025-07-25 05:30:42.779965','sparkling wine','champagne');
INSERT INTO "wine_wiki_wine" VALUES(17,17,6,17,'montagne de reims','nv','egly-ouriet ‘les crayères’, vv, bdn brut ambonnay',11,NULL,2017,1170,'nv (11) egly-ouriet ‘les crayères’, vv, bdn brut (disg 2017) ambonnay 1,170','egly-ouriet',' brut',NULL,NULL,'champagne','montagne de reims','ambonnay',NULL,NULL,NULL,NULL,NULL,NULL,NULL,NULL,NULL,0,'2025-07-25 05:30:42.789039','sparkling wine','champagne');
INSERT INTO "wine_wiki_wine" VALUES(18,18,6,18,'montagne de reims','nv','egly- ouriet grand cru extra brut ambonnay',14,'vp',2022,860,'nv (14) egly- ouriet ‘vp’ grand cru extra brut (disg 2022) ambonnay 860','egly-ouriet','extra-brut',NULL,NULL,'champagne','montagne de reims','ambonnay',NULL,NULL,NULL,NULL,'grand cru',NULL,NULL,NULL,NULL,0,'2025-07-25 05:30:42.791414','sparkling wine','champagne');
INSERT INTO "wine_wiki_wine" VALUES(19,19,6,19,'montagne de reims','2012','egly- ouriet brut ambonnay',NULL,'grand cru millésime',2021,1300,'2012 egly- ouriet ‘grand cru millésime’ brut (disg 2021) ambonnay 1,300','egly-ouriet',' brut',NULL,NULL,'champagne','montagne de reims','ambonnay',NULL,NULL,NULL,NULL,NULL,NULL,NULL,NULL,NULL,0,'2025-07-25 05:30:42.793651','sparkling wine','champagne');
INSERT INTO "wine_wiki_wine" VALUES(20,20,6,20,'montagne de reims','nv','egly- ouriet brut rosé ambonnay',16,'grand cru rosé',2021,830,'nv (16) egly- ouriet ‘grand cru rosé’ brut rosé (disg 2021) ambonnay 830','egly-ouriet',' brut',NULL,NULL,'champagne','montagne de reims','ambonnay',NULL,NULL,NULL,'rosé',NULL,NULL,NULL,NULL,NULL,0,'2025-07-25 05:30:42.796115','sparkling wine','champagne');
INSERT INTO "wine_wiki_wine" VALUES(21,21,6,21,'montagne de reims','2020','frédéric savart extra-brut ecueil',NULL,'le mont des chrétiens',2024,1080,'2020 frédéric savart ‘le mont des chrétiens’ extra-brut (disg 2024) ecueil 1,080','frédéric savart','extra-brut',NULL,NULL,'champagne','montagne de reims','ecueil',NULL,NULL,NULL,NULL,NULL,NULL,NULL,NULL,NULL,0,'2025-07-25 05:30:42.798299','sparkling wine','champagne');
INSERT INTO "wine_wiki_wine" VALUES(22,22,6,22,'montagne de reims','nv','jérôme prévost la closerie extra-brut gueux',20,'béguines',2022,700,'nv (20) jérôme prévost la closerie ‘béguines’ extra-brut (disg 2022) gueux 700','jérôme prévost','extra-brut',NULL,NULL,'champagne','montagne de reims','gueux',NULL,NULL,NULL,NULL,NULL,NULL,'la closerie',NULL,NULL,0,'2025-07-25 05:30:42.799763','sparkling wine','champagne');
INSERT INTO "wine_wiki_wine" VALUES(23,23,6,23,'montagne de reims','nv','jérôme prévost la closerie extra-brut gueux',21,'lc 21',2023,590,'nv (21) jérôme prévost la closerie ‘lc 21’ extra-brut (disg 2023) gueux 590','jérôme prévost','extra-brut',NULL,NULL,'champagne','montagne de reims','gueux',NULL,NULL,NULL,NULL,NULL,NULL,'la closerie',NULL,NULL,0,'2025-07-25 05:30:42.801990','sparkling wine','champagne');
INSERT INTO "wine_wiki_wine" VALUES(24,24,6,24,'montagne de reims','nv','bérêche et fils brut grande montagne',21,'réserve',2023,370,'nv (21) bérêche et fils ‘réserve’ brut (disg 2023) grande montagne 370','bérêche et fils',' brut',NULL,NULL,'champagne','montagne de reims','grande montagne',NULL,NULL,NULL,NULL,NULL,NULL,NULL,NULL,NULL,0,'2025-07-25 05:30:42.804279','sparkling wine','champagne');
INSERT INTO "wine_wiki_wine" VALUES(25,25,6,25,'montagne de reims','nv','charles heidsieck brut reims',19,'réserve',2024,220,'nv (19) charles heidsieck ‘réserve’ brut (disg 2024) reims 220','charles heidsieck',' brut',NULL,NULL,'champagne','montagne de reims','reims',NULL,NULL,NULL,NULL,NULL,NULL,NULL,NULL,NULL,0,'2025-07-25 05:30:42.806642','sparkling wine','champagne');
INSERT INTO "wine_wiki_wine" VALUES(26,26,6,26,'montagne de reims','nv','charles heidsieck brut rosé reims',18,'rosé réserve',2022,380,'nv (18) charles heidsieck ‘rosé réserve’ brut rosé (disg 2022) reims 380','charles heidsieck',' brut',NULL,NULL,'champagne','montagne de reims','reims',NULL,NULL,NULL,'rosé',NULL,NULL,NULL,NULL,NULL,0,'2025-07-25 05:30:42.808995','sparkling wine','champagne');
INSERT INTO "wine_wiki_wine" VALUES(27,27,6,27,'montagne de reims','2004','charles heidsieck brut reims',NULL,'blanc des millénaires',2016,870,'2004 charles heidsieck ‘blanc des millénaires’ brut (disg 2016) reims 870','charles heidsieck',' brut',NULL,NULL,'champagne','montagne de reims','reims',NULL,NULL,NULL,NULL,NULL,NULL,NULL,NULL,NULL,0,'2025-07-25 05:30:42.811496','sparkling wine','champagne');
INSERT INTO "wine_wiki_wine" VALUES(28,28,6,28,'montagne de reims','1981','charles heidsieck brut reims',NULL,'collection crayères',1988,1750,'1981 charles heidsieck ‘collection crayères’ brut (disg 1988) reims 1,750','charles heidsieck',' brut',NULL,NULL,'champagne','montagne de reims','reims',NULL,NULL,NULL,NULL,NULL,NULL,NULL,NULL,NULL,0,'2025-07-25 05:30:42.813792','sparkling wine','champagne');
INSERT INTO "wine_wiki_wine" VALUES(29,29,6,29,'montagne de reims','1996','charles heidsieck brut reims',NULL,'collection crayères',2021,1600,'1996 charles heidsieck ‘collection crayères’ brut (disg 2021) reims 1,600','charles heidsieck',' brut',NULL,NULL,'champagne','montagne de reims','reims',NULL,NULL,NULL,NULL,NULL,NULL,NULL,NULL,NULL,0,'2025-07-25 05:30:42.816433','sparkling wine','champagne');
INSERT INTO "wine_wiki_wine" VALUES(30,30,6,30,'montagne de reims','1981','charles heidsieck brut blanc de blancs reims',NULL,'collection crayères',NULL,2900,'1981 charles heidsieck ‘collection crayères’ brut blanc de blancs reims 2,900','charles heidsieck',' brut',NULL,NULL,'champagne','montagne de reims','reims',NULL,NULL,NULL,'blanc',NULL,NULL,NULL,NULL,NULL,0,'2025-07-25 05:30:42.819620','sparkling wine','champagne');
INSERT INTO "wine_wiki_wine" VALUES(31,31,6,31,'montagne de reims','2008','charles heidsieck brut rosé reims',NULL,'millésime',2019,620,'2008 charles heidsieck ‘ millésime ’ brut rosé (disg 2019) reims 620','charles heidsieck',' brut',NULL,NULL,'champagne','montagne de reims','reims',NULL,NULL,NULL,'rosé',NULL,NULL,NULL,NULL,NULL,0,'2025-07-25 05:30:42.822456','sparkling wine','champagne');
INSERT INTO "wine_wiki_wine" VALUES(32,32,7,0,'montagne de reims','1996','henriot brut reims',NULL,'cuvée des enchanteleurs',2008,1545,'1996 henriot ‘cuvée des enchanteleurs’ brut (disg 2008) reims 1,545','henriot',' brut',NULL,NULL,'champagne','montagne de reims','reims',NULL,NULL,NULL,NULL,NULL,NULL,NULL,NULL,NULL,0,'2025-07-25 05:30:42.825469','sparkling wine','champagne');
INSERT INTO "wine_wiki_wine" VALUES(33,33,7,1,'montagne de reims','nv','henriot brut rosé reims',13,NULL,2017,340,'nv (13) henriot brut rosé (disg 2017) reims 340','henriot',' brut',NULL,NULL,'champagne','montagne de reims','reims',NULL,NULL,NULL,'rosé',NULL,NULL,NULL,NULL,NULL,0,'2025-07-25 05:30:42.828519','sparkling wine','champagne');
INSERT INTO "wine_wiki_wine" VALUES(34,34,7,2,'montagne de reims','nv','krug brut reims',NULL,'grande cuvée 172eme',2023,695,'nv krug ‘grande cuvée 172eme’ brut (disg 2023) reims 695','krug',' brut',NULL,NULL,'champagne','montagne de reims','reims',NULL,NULL,NULL,NULL,NULL,NULL,NULL,NULL,NULL,0,'2025-07-25 05:30:42.831338','sparkling wine','champagne');
INSERT INTO "wine_wiki_wine" VALUES(35,35,7,3,'montagne de reims','2000','krug vintage brut reims',NULL,'late disgorged collection',2010,1985,'2000 krug vintage ‘late disgorged collection’ brut (disg 2010) reims 1,985','krug',' brut',NULL,NULL,'champagne','montagne de reims','reims',NULL,NULL,NULL,'vintage',NULL,NULL,NULL,NULL,NULL,0,'2025-07-25 05:30:42.833795','sparkling wine','champagne');
INSERT INTO "wine_wiki_wine" VALUES(36,36,7,4,'montagne de reims','2008','krug vintage brut reims',NULL,NULL,2019,1400,'2008 krug vintage brut (disg 2019) reims 1,400','krug',' brut',NULL,NULL,'champagne','montagne de reims','reims',NULL,NULL,NULL,'vintage',NULL,NULL,NULL,NULL,NULL,0,'2025-07-25 05:30:42.836546','sparkling wine','champagne');
INSERT INTO "wine_wiki_wine" VALUES(37,37,7,5,'montagne de reims','1971','piper- heidsieck brut reims',NULL,'hors - série',2021,1245,'1971 piper- heidsieck ‘hors - série’ brut (disg 2021) reims 1,245','piper-heidsieck',' brut',NULL,NULL,'champagne','montagne de reims','reims',NULL,NULL,NULL,NULL,NULL,NULL,NULL,NULL,NULL,0,'2025-07-25 05:30:42.838938','sparkling wine','champagne');
INSERT INTO "wine_wiki_wine" VALUES(38,38,7,6,'montagne de reims','2008','piper- heidsieck brut reims',NULL,'rare',2020,825,'2008 piper- heidsieck ‘rare’ brut (disg 2020) reims 825','piper-heidsieck',' brut',NULL,NULL,'champagne','montagne de reims','reims',NULL,NULL,NULL,NULL,NULL,NULL,NULL,NULL,NULL,0,'2025-07-25 05:30:42.841250','sparkling wine','champagne');
INSERT INTO "wine_wiki_wine" VALUES(39,39,7,7,'montagne de reims','2007','taittinger brut rosé reims',NULL,'comtes de champagne',2018,1185,'2007 taittinger ‘comtes de champagne’ brut rosé (disg 2018) reims 1,185','taittinger',' brut',NULL,NULL,'champagne','montagne de reims','reims',NULL,NULL,NULL,'rosé',NULL,NULL,NULL,NULL,NULL,0,'2025-07-25 05:30:42.843669','sparkling wine','champagne');
INSERT INTO "wine_wiki_wine" VALUES(40,40,7,8,'montagne de reims','2009','taittinger brut rosé reims',NULL,'comtes de champagne',2022,1350,'2009 taittinger ‘comtes de champagne’ brut rosé (disg 2022) reims 1,350','taittinger',' brut',NULL,NULL,'champagne','montagne de reims','reims',NULL,NULL,NULL,'rosé',NULL,NULL,NULL,NULL,NULL,0,'2025-07-25 05:30:42.846698','sparkling wine','champagne');
INSERT INTO "wine_wiki_wine" VALUES(41,41,7,9,'montagne de reims','nv','taittinger brut reims',17,'prélude',2022,370,'nv (17) taittinger ‘prélude’ brut (disg 2022) reims 370','taittinger',' brut',NULL,NULL,'champagne','montagne de reims','reims',NULL,NULL,NULL,NULL,NULL,NULL,NULL,NULL,NULL,0,'2025-07-25 05:30:42.849674','sparkling wine','champagne');
INSERT INTO "wine_wiki_wine" VALUES(42,42,7,10,'montagne de reims','2018','r.pouillon brut tauxières',NULL,'les terres froides',2022,465,'2018 r.pouillon ‘les terres froides’ brut (disg 2022) tauxières 465','r.pouillon',' brut',NULL,NULL,'champagne','montagne de reims','tauxières',NULL,NULL,NULL,NULL,NULL,NULL,NULL,NULL,NULL,0,'2025-07-25 05:30:42.852082','sparkling wine','champagne');
INSERT INTO "wine_wiki_wine" VALUES(43,43,7,11,'montagne de reims','nv','egly- ouriet brut vrigny',19,'les vignes de vrigny',2023,495,'nv (19) egly- ouriet ‘les vignes de vrigny’ brut (disg 2023) vrigny 495','egly-ouriet',' brut',NULL,NULL,'champagne','montagne de reims','vrigny',NULL,NULL,NULL,NULL,NULL,NULL,NULL,NULL,NULL,0,'2025-07-25 05:30:42.858535','sparkling wine','champagne');
INSERT INTO "wine_wiki_wine" VALUES(44,44,7,12,'vallée de la marne','nv','r.pouillon brut rosé aÿ',19,NULL,2022,445,'nv (19) r.pouillon brut rosé (disg 2022) aÿ 445','r.pouillon',' brut',NULL,NULL,'champagne','vallée de la marne','aÿ',NULL,NULL,NULL,'rosé',NULL,NULL,NULL,NULL,NULL,0,'2025-07-25 05:30:42.861021','sparkling wine','champagne');
INSERT INTO "wine_wiki_wine" VALUES(45,45,7,13,'vallée de la marne','2011','deutz brut aÿ',NULL,'amour de deutz',2021,890,'2011 deutz ‘amour de deutz’ brut (disg 2021) aÿ 890','deutz',' brut',NULL,NULL,'champagne','vallée de la marne','aÿ',NULL,NULL,NULL,NULL,NULL,NULL,NULL,NULL,NULL,0,'2025-07-25 05:30:42.864256','sparkling wine','champagne');
INSERT INTO "wine_wiki_wine" VALUES(46,46,7,14,'vallée de la marne','nv','egly- ouriet extra brut bisseuil',18,'les vignes de bisseuil',2023,720,'nv (18) egly- ouriet ‘les vignes de bisseuil’ extra brut (disg 2023) bisseuil 720','egly-ouriet','extra-brut',NULL,NULL,'champagne','vallée de la marne','bisseuil',NULL,NULL,NULL,NULL,NULL,NULL,NULL,NULL,NULL,0,'2025-07-25 05:30:42.867212','sparkling wine','champagne');
INSERT INTO "wine_wiki_wine" VALUES(47,47,7,15,'vallée de la marne','nv','jean michel extra-brut coteaux d’epernay',20,'carte blanche',2023,290,'nv (20) jean michel ‘carte blanche’ extra-brut (disg 2023) coteaux d’epernay 290','jean michel','extra-brut',NULL,NULL,'champagne','vallée de la marne','coteaux d’epernay',NULL,NULL,NULL,NULL,NULL,NULL,NULL,NULL,NULL,0,'2025-07-25 05:30:42.869615','sparkling wine','champagne');
INSERT INTO "wine_wiki_wine" VALUES(48,48,7,16,'vallée de la marne','nv','françoise bedel extra-brut crouttes-sur-marne',16,'vin secret',2021,520,'nv (16) françoise bedel ‘vin secret’ extra-brut (disg 2021) crouttes-sur-marne 520','françoise bedel','extra-brut',NULL,NULL,'champagne','vallée de la marne','crouttes-sur-marne',NULL,NULL,NULL,NULL,NULL,NULL,NULL,NULL,NULL,0,'2025-07-25 05:30:42.872266','sparkling wine','champagne');
INSERT INTO "wine_wiki_wine" VALUES(49,49,7,17,'vallée de la marne','2002','jacquesson brut dizy',NULL,'d é gorgement tardif',2017,815,'2002 jacquesson ‘d é gorgement tardif’ brut (disg 2017) dizy 815','jacquesson',' brut',NULL,NULL,'champagne','vallée de la marne','dizy',NULL,NULL,NULL,NULL,NULL,NULL,NULL,NULL,NULL,0,'2025-07-25 05:30:42.874683','sparkling wine','champagne');
INSERT INTO "wine_wiki_wine" VALUES(50,50,7,18,'vallée de la marne','nv','jacquesson extra-brut dizy',18,'cuvée no. 746',2022,460,'nv (18) jacquesson ‘cuvée no. 746’ extra-brut (disg 2022) dizy 460','jacquesson','extra-brut',NULL,NULL,'champagne','vallée de la marne','dizy',NULL,NULL,NULL,NULL,NULL,NULL,NULL,NULL,NULL,0,'2025-07-25 05:30:42.877093','sparkling wine','champagne');
INSERT INTO "wine_wiki_wine" VALUES(51,51,7,19,'vallée de la marne','nv','egly- ouriet brut trigny',19,'les prémices',2023,450,'nv (19) egly- ouriet ‘les prémices’ brut (disg 2023) trigny 450','egly-ouriet',' brut',NULL,NULL,'champagne','vallée de la marne','trigny',NULL,NULL,NULL,NULL,NULL,NULL,NULL,NULL,NULL,0,'2025-07-25 05:30:42.879752','sparkling wine','champagne');
INSERT INTO "wine_wiki_wine" VALUES(52,52,7,20,'vallée de la marne','2016','gibert  orange, nsw',NULL,'brut rose',2024,195,'2016 gibert ‘brut rose’ (disg 2024) orange, nsw 195','gilbert',NULL,NULL,'nsw','orange',NULL,NULL,NULL,NULL,NULL,NULL,NULL,NULL,NULL,NULL,NULL,0,'2025-07-25 05:30:42.882295','sparkling wine','australia');
INSERT INTO "wine_wiki_wine" VALUES(53,53,7,21,'vallée de la marne','nv','nadeson collis  henty, vic',NULL,'coda',2023,420,'nv nadeson collis ‘coda’ (disg 2023) henty, vic 420','nadeson collis',NULL,NULL,'vic','henty',NULL,NULL,NULL,NULL,NULL,NULL,NULL,NULL,NULL,NULL,NULL,0,'2025-07-25 05:30:42.885000','sparkling wine','australia');
INSERT INTO "wine_wiki_wine" VALUES(54,54,7,22,'vallée de la marne','2015','ocean aged  king valley, vic',NULL,'vintage cuvée',2020,360,'2015 ocean aged ‘vintage cuvée’ (disg 2020) king valley, vic 360','ocean aged',NULL,NULL,'vic','king valley',NULL,NULL,NULL,NULL,'Chardonnay, Pinot Noir, Pinot Meunier',NULL,NULL,NULL,NULL,NULL,'Aged on its lees for a minimum of 5 years and then submerged in the ocean for 1-2 years, the gentle currents help the lees maintain contact with the wine in suspension. 

This results in such a beautifully rich and textural mouthfeel with notes of brioche, walnuts, freshly baked pastry, all while still maintaining the vibrancy of the fruit.',1,'2025-07-25 05:30:42.887401','sparkling wine','australia');
INSERT INTO "wine_wiki_wine" VALUES(55,55,7,23,'vallée de la marne','2018','oakridge  yarra valley, vic',NULL,'local vineyard series',2024,140,'2018 oakridge ‘local vineyard series’ (disg 2024) yarra valley, vic 140','oakridge',NULL,NULL,'vic','yarra valley',NULL,NULL,NULL,NULL,NULL,NULL,NULL,NULL,NULL,NULL,NULL,0,'2025-07-25 05:30:42.889526','sparkling wine','australia');
INSERT INTO "wine_wiki_wine" VALUES(56,56,7,24,'vallée de la marne','nv','arras  tasmania',20,'blanc de blancs',2023,105,'nv (20) arras ‘ blanc de blancs ’ (disg 2023) tasmania 105','arras',NULL,NULL,'tasmania',NULL,NULL,NULL,NULL,NULL,NULL,NULL,NULL,NULL,NULL,NULL,NULL,0,'2025-07-25 05:30:42.891534','sparkling wine','australia');
INSERT INTO "wine_wiki_wine" VALUES(57,57,7,25,'vallée de la marne','2007','arras late disgorged pipers river, tas',NULL,'e.j. carr',2022,520,'2007 arras ‘e.j. carr’ late disgorged (disg 2022) pipers river, tas 520','arras',NULL,NULL,'tasmania','pipers river',NULL,NULL,NULL,NULL,NULL,'late disgorged',NULL,NULL,NULL,NULL,NULL,0,'2025-07-25 05:30:42.893753','sparkling wine','australia');
INSERT INTO "wine_wiki_wine" VALUES(58,58,7,26,'vallée de la marne','2015','arras  tasmania',NULL,'vintage rose',2021,340,'2015 arras ‘vintage rose’ (disg 2021) tasmania 340','arras',NULL,NULL,'tasmania',NULL,NULL,NULL,NULL,NULL,NULL,NULL,NULL,NULL,NULL,NULL,NULL,0,'2025-07-25 05:30:42.896177','sparkling wine','australia');
INSERT INTO "wine_wiki_wine" VALUES(59,59,7,27,'vallée de la marne','nv','daosa  adelaide hills, sa',22,'natural reserve 7 th release',2024,120,'nv (22) daosa ‘natural reserve 7 th release’ (disg 2024) adelaide hills, sa 120','daosa',NULL,NULL,'sa','adelaide hills',NULL,NULL,NULL,NULL,NULL,NULL,NULL,NULL,NULL,NULL,'Pinot Noir (57%)  Chardonnay (35%)  and Pinot Meunier (8%)',1,'2025-07-25 05:30:42.898592','sparkling wine','australia');
INSERT INTO "wine_wiki_wine" VALUES(60,60,7,28,'vallée de la marne','2021','deviation road  adelaide hills, sa',NULL,'loftia',2024,140,'2021 deviation road ‘loftia’ (disg 2024) adelaide hills, sa 140','deviation road',NULL,NULL,'sa','adelaide hills',NULL,NULL,NULL,NULL,NULL,NULL,NULL,NULL,NULL,NULL,NULL,0,'2025-07-25 05:30:42.902891','sparkling wine','australia');
INSERT INTO "wine_wiki_wine" VALUES(61,61,7,29,'vallée de la marne','2023','voyager estate margaret river, wa',NULL,NULL,2024,90,'2023 voyager estate (disg 2024) margaret river, wa 90','voyager estate',NULL,NULL,'wa','margaret river',NULL,NULL,NULL,NULL,NULL,NULL,NULL,NULL,NULL,NULL,NULL,0,'2025-07-25 05:30:42.905729','sparkling wine','australia');
INSERT INTO "wine_wiki_wine" VALUES(62,62,8,0,'australia','2023','clonakilla canberra district, nsw',NULL,NULL,NULL,95,'2023 clonakilla canberra district, nsw 95','clonakilla',NULL,NULL,'nsw','canberra district',NULL,NULL,NULL,NULL,NULL,NULL,NULL,NULL,NULL,NULL,NULL,0,'2025-07-25 05:30:42.908777','white wine','riesling');
INSERT INTO "wine_wiki_wine" VALUES(63,63,8,1,'australia','2023','eden road canberra district, nsw',NULL,NULL,NULL,125,'2023 eden road canberra district, nsw 125','eden road',NULL,NULL,'nsw','canberra district',NULL,NULL,NULL,NULL,NULL,NULL,NULL,NULL,NULL,NULL,NULL,0,'2025-07-25 05:30:42.911520','white wine','riesling');
INSERT INTO "wine_wiki_wine" VALUES(64,64,8,2,'australia','2024','mount majura canberra district, nsw',NULL,NULL,NULL,100,'2024 mount majura canberra district, nsw 100','mount majura',NULL,NULL,'nsw','canberra district',NULL,NULL,NULL,NULL,NULL,NULL,NULL,NULL,NULL,NULL,NULL,0,'2025-07-25 05:30:42.914965','white wine','riesling');
INSERT INTO "wine_wiki_wine" VALUES(65,65,8,3,'australia','2024','best’s grampians, vic',NULL,'great western',NULL,80,'2024 best’s ‘great western’ grampians, vic 80','best’s',NULL,NULL,'vic','grampians',NULL,NULL,NULL,NULL,NULL,NULL,NULL,NULL,NULL,NULL,NULL,0,'2025-07-25 05:30:42.918215','white wine','riesling');
INSERT INTO "wine_wiki_wine" VALUES(66,66,8,4,'australia','2024','crawford river henty, vic',NULL,NULL,NULL,165,'2024 crawford river henty, vic 165','crawford river',NULL,NULL,'vic','henty',NULL,NULL,NULL,NULL,NULL,NULL,NULL,NULL,NULL,NULL,NULL,0,'2025-07-25 05:30:42.925687','white wine','riesling');
INSERT INTO "wine_wiki_wine" VALUES(67,67,8,5,'australia','2023','crawford river henty, vic',NULL,'strata',NULL,105,'2023 crawford river ‘strata’ henty, vic 105','crawford river',NULL,NULL,'vic','henty',NULL,NULL,NULL,NULL,NULL,NULL,NULL,NULL,NULL,NULL,NULL,0,'2025-07-25 05:30:42.928082','white wine','riesling');
INSERT INTO "wine_wiki_wine" VALUES(68,68,8,6,'australia','2021','mac forbes yarra valley, vic',NULL,'rs7',NULL,120,'2021 mac forbes ‘rs7’ yarra valley, vic 120','mac forbes',NULL,NULL,'vic','yarra valley',NULL,NULL,NULL,NULL,NULL,NULL,NULL,NULL,NULL,NULL,NULL,0,'2025-07-25 05:30:42.932224','white wine','riesling');
INSERT INTO "wine_wiki_wine" VALUES(69,69,8,7,'australia','2024','domaine simha coal river valley, tas',NULL,'rani',NULL,195,'2024 domaine simha ‘rani’ coal river valley, tas 195','domaine simha',NULL,NULL,'tasmania','coal river valley',NULL,NULL,NULL,NULL,NULL,NULL,NULL,NULL,NULL,NULL,NULL,0,'2025-07-25 05:30:42.934612','white wine','riesling');
INSERT INTO "wine_wiki_wine" VALUES(70,70,8,8,'australia','2024','frogmore creek coal river valley, tas',NULL,NULL,NULL,80,'2024 frogmore creek coal river valley, tas 80','frogmore creek',NULL,NULL,'tasmania','coal river valley',NULL,NULL,NULL,NULL,NULL,NULL,NULL,NULL,NULL,NULL,NULL,0,'2025-07-25 05:30:42.936863','white wine','riesling');
INSERT INTO "wine_wiki_wine" VALUES(71,71,8,9,'australia','2023','glaetzer- dixon tasmania blend',NULL,'überblanc',NULL,85,'2023 glaetzer- dixon ‘überblanc’ tasmania blend 85','glaetzer-dixon',NULL,NULL,'tasmania',NULL,NULL,NULL,NULL,NULL,NULL,NULL,NULL,NULL,NULL,NULL,NULL,0,'2025-07-25 05:30:42.939294','white wine','riesling');
INSERT INTO "wine_wiki_wine" VALUES(72,72,8,10,'australia','2023','dc shaw adelaide hills, sa',NULL,'ten miles east',NULL,125,'2023 dc shaw ‘ten miles east’ adelaide hills, sa 125','dc shaw',NULL,NULL,'sa','adelaide hills',NULL,NULL,NULL,NULL,NULL,NULL,NULL,NULL,NULL,NULL,NULL,0,'2025-07-25 05:30:42.941629','white wine','riesling');
INSERT INTO "wine_wiki_wine" VALUES(73,73,8,11,'australia','2024','grosset clare valley, sa',NULL,'polish hill',NULL,220,'2024 grosset ‘polish hill’ clare valley, sa 220','grosset',NULL,NULL,'sa','clare valley',NULL,NULL,NULL,NULL,NULL,NULL,NULL,NULL,NULL,NULL,NULL,0,'2025-07-25 05:30:42.943855','white wine','riesling');
INSERT INTO "wine_wiki_wine" VALUES(74,74,8,12,'australia','2023','ministry of clouds clare valley, sa',NULL,NULL,NULL,95,'2023 ministry of clouds clare valley, sa 95','ministry of clouds',NULL,NULL,'sa','clare valley',NULL,NULL,NULL,NULL,NULL,NULL,NULL,NULL,NULL,NULL,NULL,0,'2025-07-25 05:30:42.948627','white wine','riesling');
INSERT INTO "wine_wiki_wine" VALUES(75,75,8,13,'australia','2024','mount horrocks clare valley, sa',NULL,'watervale',NULL,115,'2024 mount horrocks ‘watervale’ clare valley, sa 115','mount horrocks',NULL,NULL,'sa','clare valley',NULL,NULL,NULL,NULL,NULL,NULL,NULL,NULL,NULL,NULL,NULL,0,'2025-07-25 05:30:42.951023','white wine','riesling');
INSERT INTO "wine_wiki_wine" VALUES(76,76,8,14,'australia','2023','wines by kt clare valley, sa',NULL,'peglidis',NULL,130,'2023 wines by kt ‘peglidis’ clare valley, sa 130','wines by kt',NULL,NULL,'sa','clare valley',NULL,NULL,NULL,NULL,NULL,NULL,NULL,NULL,NULL,NULL,NULL,0,'2025-07-25 05:30:42.953449','white wine','riesling');
INSERT INTO "wine_wiki_wine" VALUES(77,77,8,15,'australia','2006','henschke eden valley, sa',NULL,'julius',NULL,265,'2006 henschke ‘julius’ eden valley, sa 265','henschke',NULL,NULL,'sa','eden valley',NULL,NULL,NULL,NULL,NULL,NULL,NULL,NULL,NULL,NULL,NULL,0,'2025-07-25 05:30:42.956639','white wine','riesling');
INSERT INTO "wine_wiki_wine" VALUES(78,78,8,16,'australia','2014','pewsey vale eden valley, sa',NULL,'the contours',NULL,160,'2014 pewsey vale ‘the contours’ eden valley, sa 160','pewsey vale',NULL,NULL,'sa','eden valley',NULL,NULL,NULL,NULL,'Riesling',NULL,NULL,NULL,NULL,NULL,'2014 vintage showed botrytis in the vineyard, resulting in a dry wine but with a golden color, rich honey, marzipan, and nut aromas, medium plus body, high acidity, and long finish.',1,'2025-07-25 05:30:42.959167','white wine','riesling');
INSERT INTO "wine_wiki_wine" VALUES(79,79,8,17,'australia','2023','woods crampton eden valley, sa',NULL,NULL,NULL,75,'2023 woods crampton eden valley, sa 75','woods crampton',NULL,NULL,'sa','eden valley',NULL,NULL,NULL,NULL,NULL,NULL,NULL,NULL,NULL,NULL,NULL,0,'2025-07-25 05:30:42.961024','white wine','riesling');
INSERT INTO "wine_wiki_wine" VALUES(80,80,8,18,'australia','2023','frankland estate frankland river, wa',NULL,'isolation ridge',NULL,140,'2023 frankland estate ‘isolation ridge’ frankland river, wa 140','frankland estate',NULL,NULL,'wa',NULL,'frankland river',NULL,NULL,NULL,NULL,NULL,NULL,NULL,NULL,NULL,NULL,0,'2025-07-25 05:30:42.963670','white wine','riesling');
INSERT INTO "wine_wiki_wine" VALUES(81,81,8,19,'australia','2016','frankland estate frankland river, wa',NULL,'poison hill',NULL,155,'2016 frankland estate ‘poison hill’ frankland river, wa 155','frankland estate',NULL,NULL,'wa',NULL,'frankland river',NULL,NULL,NULL,NULL,NULL,NULL,NULL,NULL,NULL,NULL,0,'2025-07-25 05:30:42.965996','white wine','riesling');
INSERT INTO "wine_wiki_wine" VALUES(82,82,8,20,'new zealand','2019','greywacke marlborough',NULL,NULL,NULL,115,'2019 greywacke marlborough 115','greywacke',NULL,NULL,NULL,'marlborough',NULL,NULL,NULL,NULL,NULL,NULL,NULL,NULL,NULL,NULL,NULL,0,'2025-07-25 05:30:42.968367','white wine','riesling');
INSERT INTO "wine_wiki_wine" VALUES(83,83,8,21,'new zealand','2014','pegasus bay north canterbury',NULL,NULL,NULL,185,'2014 pegasus bay north canterbury 185','pegasus bay',NULL,NULL,NULL,'north canterbury',NULL,NULL,NULL,NULL,NULL,NULL,NULL,NULL,NULL,NULL,NULL,0,'2025-07-25 05:30:42.972078','white wine','riesling');
INSERT INTO "wine_wiki_wine" VALUES(84,84,8,22,'france','2022','jintaro yura alsace',NULL,'le silence et la résonance',NULL,320,'2022 jintaro yura ‘ le silence et la résonance’ alsace 320','jintaro yura',NULL,NULL,NULL,'alsace',NULL,NULL,NULL,NULL,NULL,NULL,NULL,NULL,NULL,NULL,NULL,0,'2025-07-25 05:30:42.974761','white wine','riesling');
INSERT INTO "wine_wiki_wine" VALUES(85,85,8,23,'france','2014','trimbach alsace 1.5l',NULL,'cuv ée frédé ric emile',NULL,775,'2014 trimbach ‘cuv ée frédé ric emile’ alsace 1.5l 775','trimbach',NULL,NULL,NULL,'alsace',NULL,NULL,NULL,NULL,NULL,NULL,NULL,'1.5l',NULL,NULL,NULL,0,'2025-07-25 05:30:42.977680','white wine','riesling');
INSERT INTO "wine_wiki_wine" VALUES(86,86,8,24,'france','2022','marcel deiss alsace',NULL,NULL,NULL,195,'2022 marcel deiss alsace 195','marcel deiss',NULL,NULL,NULL,'alsace',NULL,NULL,NULL,NULL,NULL,NULL,NULL,NULL,NULL,NULL,NULL,0,'2025-07-25 05:30:42.980269','white wine','riesling');
INSERT INTO "wine_wiki_wine" VALUES(87,87,8,25,'austria','2019','brü ndlmayer kamptal otw erste lage',NULL,'ried heiligenstein lyra',NULL,280,'2019 brü ndlmayer ‘ ried heiligenstein lyra ’ kamptal otw erste lage 280','bründlmayer',NULL,NULL,NULL,'kamptal',NULL,NULL,NULL,NULL,NULL,NULL,'otw erste lage',NULL,NULL,NULL,NULL,0,'2025-07-25 05:30:42.982718','white wine','riesling');
INSERT INTO "wine_wiki_wine" VALUES(88,88,8,26,'austria','2016','nikolaihof wachau',NULL,'steiner hund',NULL,465,'2016 nikolaihof ‘steiner hund’ wachau 465','nikolaihof',NULL,NULL,NULL,'wachau',NULL,NULL,NULL,NULL,NULL,NULL,NULL,NULL,NULL,NULL,NULL,0,'2025-07-25 05:30:42.985775','white wine','riesling');
INSERT INTO "wine_wiki_wine" VALUES(89,89,8,27,'austria','2016','veyder-malberg wachau',NULL,'2b',NULL,350,'2016 veyder-malberg ‘2b’ wachau 350','veyder-malberg',NULL,NULL,NULL,'wachau',NULL,NULL,NULL,NULL,NULL,NULL,NULL,NULL,NULL,NULL,NULL,0,'2025-07-25 05:30:42.988886','white wine','riesling');
INSERT INTO "wine_wiki_wine" VALUES(90,90,9,0,'germany','2016','heymann- löwenstein mosel gg 1.5l',NULL,'uhlen roth lay',NULL,672,'2016 heymann- löwenstein ‘uhlen roth lay’ mosel gg 1.5l 672','heymann-löwenstein',NULL,NULL,NULL,'mosel',NULL,NULL,NULL,NULL,NULL,NULL,'gg','1.5l',NULL,NULL,NULL,0,'2025-07-25 05:30:42.991384','white wine','riesling');
INSERT INTO "wine_wiki_wine" VALUES(91,91,9,1,'germany','2017','dr. loosen mosel gg',NULL,'ürziger würzgarten',NULL,595,'2017 dr. loosen ‘ürziger würzgarten’ mosel gg 595','dr. loosen',NULL,NULL,NULL,'mosel',NULL,NULL,NULL,NULL,NULL,NULL,'gg',NULL,NULL,NULL,NULL,0,'2025-07-25 05:30:42.994469','white wine','riesling');
INSERT INTO "wine_wiki_wine" VALUES(92,92,9,2,'germany','2021','a.christmann pfalz gg',NULL,'olberg - hart',NULL,525,'2021 a.christmann ‘olberg - hart’ pfalz gg 525','a.christmann',NULL,NULL,NULL,'pfalz',NULL,NULL,NULL,NULL,NULL,NULL,'gg',NULL,NULL,NULL,NULL,0,'2025-07-25 05:30:42.996829','white wine','riesling');
INSERT INTO "wine_wiki_wine" VALUES(93,93,9,3,'germany','2021','a.christmann pfalz gg',NULL,'idig',NULL,565,'2021 a.christmann ‘idig’ pfalz gg 565','a.christmann',NULL,NULL,NULL,'pfalz',NULL,NULL,NULL,NULL,NULL,NULL,'gg',NULL,NULL,NULL,NULL,0,'2025-07-25 05:30:42.999205','white wine','riesling');
INSERT INTO "wine_wiki_wine" VALUES(94,94,9,4,'germany','2021','a.christmann pfalz gg',NULL,'vogelsang',NULL,565,'2021 a.christmann ‘vogelsang’ pfalz gg 565','a.christmann',NULL,NULL,NULL,'pfalz',NULL,NULL,NULL,NULL,NULL,NULL,'gg',NULL,NULL,NULL,NULL,0,'2025-07-25 05:30:43.009787','white wine','riesling');
INSERT INTO "wine_wiki_wine" VALUES(95,95,9,5,'germany','2021','dr bürklin-wolf pfalz gc',NULL,'reiterpfad gc',NULL,420,'2021 dr bürklin-wolf ‘reiterpfad gc’ pfalz gc 420','dr bürklin-wolf',NULL,NULL,NULL,'pfalz',NULL,NULL,NULL,NULL,NULL,NULL,'gc',NULL,NULL,NULL,NULL,0,'2025-07-25 05:30:43.012143','white wine','riesling');
INSERT INTO "wine_wiki_wine" VALUES(96,96,9,6,'germany','2021','jülg pfalz gg',NULL,'sonnenberg',NULL,360,'2021 jülg ‘sonnenberg’ pfalz gg 360','jülg',NULL,NULL,NULL,'pfalz',NULL,NULL,NULL,NULL,NULL,NULL,'gg',NULL,NULL,NULL,NULL,0,'2025-07-25 05:30:43.035661','white wine','riesling');
INSERT INTO "wine_wiki_wine" VALUES(97,97,9,7,'germany','2021','weingut rebholz pfalz trocken',NULL,'vo m muschelkalk',NULL,310,'2021 weingut rebholz ‘vo m muschelkalk’ pfalz trocken 310','weingut rebholz',NULL,NULL,NULL,'pfalz',NULL,NULL,NULL,NULL,NULL,NULL,'trocken',NULL,NULL,NULL,NULL,0,'2025-07-25 05:30:43.042844','white wine','riesling');
INSERT INTO "wine_wiki_wine" VALUES(98,98,9,8,'germany','2021','müller-cat oir pfalz trocken',NULL,'m - c',NULL,120,'2021 müller-cat oir ‘m - c’ pfalz trocken 120','müller-catoir',NULL,NULL,NULL,'pfalz',NULL,NULL,NULL,NULL,NULL,NULL,'trocken',NULL,NULL,NULL,NULL,0,'2025-07-25 05:30:43.045748','white wine','riesling');
INSERT INTO "wine_wiki_wine" VALUES(99,99,9,9,'germany','2021','gunderloch rheinhessen gg',NULL,'hipping',NULL,310,'2021 gunderloch ‘hipping’ rheinhessen gg 310','gunderloch',NULL,NULL,NULL,'rheinhessen',NULL,NULL,NULL,NULL,NULL,NULL,'gg',NULL,NULL,NULL,NULL,0,'2025-07-25 05:30:43.049252','white wine','riesling');
INSERT INTO "wine_wiki_wine" VALUES(100,100,9,10,'germany','2020','keller rheinhessen gg',NULL,'hubacker',NULL,980,'2020 keller ‘hubacker’ rheinhessen gg 980','keller',NULL,NULL,NULL,'rheinhessen',NULL,NULL,NULL,NULL,NULL,NULL,'gg',NULL,NULL,NULL,NULL,0,'2025-07-25 05:30:43.051889','white wine','riesling');
INSERT INTO "wine_wiki_wine" VALUES(101,101,9,11,'germany','2023','keller “kirchspiel’ rheinhessen gg',NULL,NULL,NULL,850,'2023 keller “kirchspiel’ rheinhessen gg 850','keller',NULL,NULL,NULL,'rheinhessen',NULL,NULL,'kirchspiel',NULL,NULL,NULL,'gg',NULL,NULL,NULL,NULL,0,'2025-07-25 05:30:43.056823','white wine','riesling');
INSERT INTO "wine_wiki_wine" VALUES(102,102,9,12,'germany','2023','keller rheinhessen trocken',NULL,'von der fels',NULL,290,'2023 keller ‘von der fels’ rheinhessen trocken 290','keller',NULL,NULL,NULL,'rheinhessen',NULL,NULL,NULL,NULL,NULL,NULL,'trocken',NULL,NULL,NULL,NULL,0,'2025-07-25 05:30:43.059144','white wine','riesling');
INSERT INTO "wine_wiki_wine" VALUES(103,103,9,13,'germany','2021','wittmann rheinhessen gg',NULL,'aulerde',NULL,365,'2021 wittmann ‘aulerde’ rheinhessen gg 365','wittmann',NULL,NULL,NULL,'rheinhessen',NULL,NULL,NULL,NULL,NULL,NULL,'gg',NULL,NULL,NULL,NULL,0,'2025-07-25 05:30:43.061283','white wine','riesling');
INSERT INTO "wine_wiki_wine" VALUES(104,104,9,14,'germany','2021','wittmann rheinhessen gg',NULL,'brunnenhäuschen',NULL,525,'2021 wittmann ‘brunnenhäuschen’ rheinhessen gg 525','wittmann',NULL,NULL,NULL,'rheinhessen',NULL,NULL,NULL,NULL,NULL,NULL,'gg',NULL,NULL,NULL,NULL,0,'2025-07-25 05:30:43.066810','white wine','riesling');
INSERT INTO "wine_wiki_wine" VALUES(105,105,9,15,'germany','2021','schloss johannisberg rheingau kabinett',NULL,'rotlack',NULL,295,'2021 schloss johannisberg ‘rotlack’ rheingau kabinett 295','schloss johannisberg',NULL,NULL,NULL,'rheingau',NULL,NULL,NULL,NULL,NULL,NULL,'kabinett',NULL,NULL,NULL,NULL,0,'2025-07-25 05:30:43.069010','white wine','riesling');
INSERT INTO "wine_wiki_wine" VALUES(106,106,9,16,'germany','2022','hofgut falkenstein mosel spätlese trocken',NULL,'ober schäfershaus',NULL,280,'2022 hofgut falkenstein ‘ ober schäfershaus ’ mosel spätlese trocken 280','hofgut falkenstein',NULL,NULL,NULL,'mosel',NULL,NULL,NULL,NULL,NULL,NULL,'spätlese trocken',NULL,NULL,NULL,NULL,0,'2025-07-25 05:30:43.071352','white wine','riesling');
INSERT INTO "wine_wiki_wine" VALUES(107,107,9,17,'germany','2020','joh. jos . prüm mosel spätlese 1.5l',NULL,'wehlener sonnenuhr',NULL,660,'2020 joh. jos . prüm ‘wehlener sonnenuhr’ mosel spätlese 1.5l 660','joh. jos. prüm',NULL,NULL,NULL,'mosel',NULL,NULL,NULL,NULL,NULL,NULL,'spätlese','1.5l',NULL,NULL,NULL,0,'2025-07-25 05:30:43.074333','white wine','riesling');
INSERT INTO "wine_wiki_wine" VALUES(108,108,9,18,'germany','2018','selbach oster mosel spätlese',NULL,'wehlener sonnenuhr',NULL,210,'2018 selbach oster ‘wehlener sonnenuhr’ mosel spätlese 210','selbach oster',NULL,NULL,NULL,'mosel',NULL,NULL,NULL,NULL,NULL,NULL,'spätlese',NULL,NULL,NULL,NULL,0,'2025-07-25 05:30:43.077498','white wine','riesling');
INSERT INTO "wine_wiki_wine" VALUES(109,109,9,19,'australia','2024','thomas wines hunter valley, nsw',NULL,'braemore',NULL,95,'2024 thomas wines ‘braemore’ hunter valley, nsw 95','thomas wines',NULL,NULL,'nsw','hunter valley',NULL,NULL,NULL,NULL,NULL,NULL,NULL,NULL,NULL,NULL,NULL,0,'2025-07-25 05:30:43.079872','white wine','semillon and blends');
INSERT INTO "wine_wiki_wine" VALUES(110,110,9,20,'australia','2009','tyrrell’s hunter valley, nsw',NULL,'belford vineyard',NULL,240,'2009 tyrrell’s ‘belford vineyard ’ hunter valley, nsw 240','tyrrell’s',NULL,NULL,'nsw','hunter valley',NULL,NULL,NULL,NULL,NULL,NULL,NULL,NULL,NULL,NULL,NULL,0,'2025-07-25 05:30:43.082178','white wine','semillon and blends');
INSERT INTO "wine_wiki_wine" VALUES(111,111,9,21,'australia','2021','tyrrell’s hunter valley, nsw',NULL,'johnno’s',NULL,190,'2021 tyrrell’s ‘johnno’s’ hunter valley, nsw 190','tyrrell’s',NULL,NULL,'nsw','hunter valley',NULL,NULL,NULL,NULL,NULL,NULL,NULL,NULL,NULL,NULL,NULL,0,'2025-07-25 05:30:43.083897','white wine','semillon and blends');
INSERT INTO "wine_wiki_wine" VALUES(112,112,9,22,'australia','2013','tyrrell’s hunter valley, nsw',NULL,'vat 1',NULL,330,'2013 tyrrell’s ‘vat 1’ hunter valley, nsw 330','tyrrell’s',NULL,NULL,'nsw','hunter valley',NULL,NULL,NULL,NULL,NULL,NULL,NULL,NULL,NULL,NULL,NULL,0,'2025-07-25 05:30:43.086364','white wine','semillon and blends');
INSERT INTO "wine_wiki_wine" VALUES(113,113,9,23,'australia','2017','tyrrell ’s hunter valley, nsw 1.5l',NULL,'vat 1',NULL,515,'2017 tyrrell ’s ‘vat 1’ hunter valley, nsw 1.5l 515','tyrrell’s',NULL,NULL,'nsw','hunter valley',NULL,NULL,NULL,NULL,NULL,NULL,NULL,'1.5l',NULL,NULL,NULL,0,'2025-07-25 05:30:43.088258','white wine','semillon and blends');
INSERT INTO "wine_wiki_wine" VALUES(114,114,9,24,'australia','2024','sp inifex barossa valley, sa',NULL,'lola blend',NULL,80,'2024 sp inifex ‘lola blend’ barossa valley, sa 80','spinifex',NULL,NULL,'sa','barossa valley',NULL,NULL,NULL,NULL,NULL,NULL,NULL,NULL,NULL,NULL,NULL,0,'2025-07-25 05:30:43.089848','white wine','semillon and blends');
INSERT INTO "wine_wiki_wine" VALUES(115,115,9,25,'australia','2024','ocean eight mornington peninsula, vic',NULL,NULL,NULL,110,'2024 ocean eight mornington peninsula, vic 110','ocean eight',NULL,NULL,'vic','mornington peninsula',NULL,NULL,NULL,NULL,NULL,NULL,NULL,NULL,NULL,NULL,NULL,0,'2025-07-25 05:30:43.092465','white wine','pinot gris');
INSERT INTO "wine_wiki_wine" VALUES(116,116,9,26,'australia','2024','hoddles creek yarra valley, vic',NULL,'estate',NULL,90,'2024 hoddles creek ‘estate’ yarra valley, vic 90','hoddles creek',NULL,NULL,'vic','yarra valley',NULL,NULL,NULL,NULL,NULL,NULL,NULL,NULL,NULL,NULL,NULL,0,'2025-07-25 05:30:43.095019','white wine','pinot gris');
INSERT INTO "wine_wiki_wine" VALUES(117,117,9,27,'australia','2023','haddow + dineen tamar river, tas',NULL,'grain of truth',NULL,140,'2023 haddow + dineen ‘grain of truth ’ tamar river, tas 140','haddow + dineen',NULL,NULL,'tasmania','tamar river',NULL,NULL,NULL,NULL,NULL,NULL,NULL,NULL,NULL,NULL,NULL,0,'2025-07-25 05:30:43.097170','white wine','pinot gris');
INSERT INTO "wine_wiki_wine" VALUES(118,118,9,28,'france','2021','domaine de l’envol alsace',NULL,'',NULL,100,'2021 domaine de l’envol alsace 100','domaine de l’envol',NULL,NULL,NULL,'alsace',NULL,NULL,NULL,NULL,NULL,'off-dry',NULL,NULL,NULL,NULL,'',1,'2025-07-25 05:30:43.099705','white wine','pinot gris');
INSERT INTO "wine_wiki_wine" VALUES(119,119,10,0,'australia','2023','de salis orange, nsw',NULL,'wild fume blanc',NULL,95,'2023 de salis ‘wild fume blanc’ orange, nsw 95','de salis',NULL,NULL,'nsw','orange',NULL,NULL,NULL,NULL,NULL,NULL,NULL,NULL,NULL,NULL,NULL,0,'2025-07-25 05:30:43.102247','white wine','sauvignon blanc and blends');
INSERT INTO "wine_wiki_wine" VALUES(120,120,10,1,'australia','2023','josh cooper pyrenees, vic',NULL,'pyren vineyard',NULL,210,'2023 josh cooper ‘pyren vineyard ’ pyrenees, vic 210','josh cooper',NULL,NULL,'vic','pyrenees',NULL,NULL,NULL,NULL,NULL,NULL,NULL,NULL,NULL,NULL,NULL,0,'2025-07-25 05:30:43.104521','white wine','sauvignon blanc and blends');
INSERT INTO "wine_wiki_wine" VALUES(121,121,10,2,'australia','2014','mount mary , sauvignon blend yarra valley, vic',NULL,'triolet',NULL,385,'2014 mount mary ‘triolet’ , sauvignon blend yarra valley, vic 385','mount mary',NULL,NULL,'vic','yarra valley',NULL,NULL,NULL,NULL,'sauvignon blend',NULL,NULL,NULL,NULL,NULL,NULL,0,'2025-07-25 05:30:43.107223','white wine','sauvignon blanc and blends');
INSERT INTO "wine_wiki_wine" VALUES(122,122,10,3,'australia','2018','mount mary ‘triolet’, sauvignon blend yarra valley, vic',NULL,NULL,NULL,360,'2018 mount mary ‘triolet’, sauvignon blend yarra valley, vic 360','mount mary',NULL,NULL,'vic','yarra valley',NULL,NULL,NULL,NULL,'sauvignon blend',NULL,NULL,NULL,NULL,NULL,NULL,0,'2025-07-25 05:30:43.109688','white wine','sauvignon blanc and blends');
INSERT INTO "wine_wiki_wine" VALUES(123,123,10,4,'australia','2022','mount mary , sauvignon blend yarra valley, vic',NULL,'triolet',NULL,280,'2022 mount mary ‘triolet’ , sauvignon blend yarra valley, vic 280','mount mary',NULL,NULL,'vic','yarra valley',NULL,NULL,NULL,NULL,'sauvignon blend',NULL,NULL,NULL,NULL,NULL,NULL,0,'2025-07-25 05:30:43.113160','white wine','sauvignon blanc and blends');
INSERT INTO "wine_wiki_wine" VALUES(124,124,10,5,'australia','2015','mount mary yarra valley, vic',NULL,'réflexion fumé blanc',NULL,150,'2015 mount mary ‘ réflexion fumé blanc’ yarra valley, vic 150','mount mary',NULL,NULL,'vic','yarra valley',NULL,NULL,NULL,NULL,NULL,NULL,NULL,NULL,NULL,NULL,NULL,0,'2025-07-25 05:30:43.115436','white wine','sauvignon blanc and blends');
INSERT INTO "wine_wiki_wine" VALUES(125,125,10,6,'australia','2013','terre à terre wrattonbully, sa',NULL,'crayères',NULL,120,'2013 terre à terre ‘ crayères ’ wrattonbully, sa 120','terre à terre',NULL,NULL,'sa','wrattonbully',NULL,NULL,NULL,NULL,NULL,NULL,NULL,NULL,NULL,NULL,NULL,0,'2025-07-25 05:30:43.118438','white wine','sauvignon blanc and blends');
INSERT INTO "wine_wiki_wine" VALUES(126,126,10,7,'australia','2023','voyager estate, sauvignon/semillon margaret river, wa',NULL,NULL,NULL,80,'2023 voyager estate, sauvignon/semillon margaret river, wa 80','voyager estate',NULL,NULL,'wa','margaret river',NULL,NULL,NULL,NULL,'sauvignon/semillon',NULL,NULL,NULL,NULL,NULL,NULL,0,'2025-07-25 05:30:43.127059','white wine','sauvignon blanc and blends');
INSERT INTO "wine_wiki_wine" VALUES(127,127,10,8,'france','2020','domaine didier dagueneau pouilly-fumé, loire valley',NULL,'silex',NULL,960,'2020 domaine didier dagueneau ‘silex’ pouilly-fumé, loire valley 960','domaine didier dagueneau',NULL,NULL,NULL,'loire valley','pouilly-fumé',NULL,NULL,NULL,NULL,NULL,NULL,NULL,NULL,NULL,NULL,0,'2025-07-25 05:30:43.129763','white wine','sauvignon blanc and blends');
INSERT INTO "wine_wiki_wine" VALUES(128,128,10,9,'france','2023','claude riffault sancerre, loire valley',NULL,'mosaĩque calcaire',NULL,240,'2023 claude riffault ‘mosaĩque calcaire’ sancerre, loire valley 240','claude riffault',NULL,NULL,NULL,'loire valley','sancerre',NULL,NULL,NULL,NULL,NULL,NULL,NULL,NULL,NULL,NULL,0,'2025-07-25 05:30:43.132151','white wine','sauvignon blanc and blends');
INSERT INTO "wine_wiki_wine" VALUES(129,129,10,10,'france','2023','domaine gérard boulay sancerre, loire valley',NULL,'chavignol',NULL,260,'2023 domaine gérard boulay ‘chavignol’ sancerre, loire valley 260','domaine gérard boulay',NULL,NULL,NULL,'loire valley','sancerre',NULL,NULL,NULL,NULL,NULL,NULL,NULL,NULL,NULL,NULL,0,'2025-07-25 05:30:43.136601','white wine','sauvignon blanc and blends');
INSERT INTO "wine_wiki_wine" VALUES(130,130,10,11,'france','2023','pascal cotat sancerre, loire valley',NULL,'les monts damnés',NULL,690,'2023 pascal cotat ‘les monts damn é s’ sancerre, loire valley 690','pascal cotat',NULL,NULL,NULL,'loire valley','sancerre',NULL,NULL,NULL,NULL,NULL,NULL,NULL,NULL,NULL,'',0,'2025-07-25 05:30:43.140052','white wine','sauvignon blanc and blends');
INSERT INTO "wine_wiki_wine" VALUES(131,131,10,12,'usa','2019','ashes & diamonds blanc blend no.5 napa valley, california',NULL,NULL,NULL,380,'2019 ashes & diamonds blanc blend no.5 napa valley, california 380','ashes & diamonds',NULL,NULL,'california','napa valley',NULL,NULL,NULL,NULL,NULL,'blanc',NULL,NULL,NULL,NULL,NULL,0,'2025-07-25 05:30:43.142481','white wine','sauvignon blanc and blends');
INSERT INTO "wine_wiki_wine" VALUES(132,132,10,13,'australia','2019','vinea marson alpine valleys, vic',NULL,'grazia blend',NULL,95,'2019 vinea marson ‘grazia blend ’ alpine valleys, vic 95','vinea marson',NULL,NULL,'vic','alpine valleys',NULL,NULL,NULL,NULL,NULL,NULL,NULL,NULL,NULL,NULL,'Pinot Blanc
Malvasia Istriana
Friulano
Picolit',1,'2025-07-25 05:30:43.145134','white wine','pinot blanc');
INSERT INTO "wine_wiki_wine" VALUES(133,133,10,14,'australia','2024','clarence house coal river valley, tas',NULL,NULL,NULL,83,'2024 clarence house coal river valley, tas 83','clarence house',NULL,NULL,'tasmania','coal river valley',NULL,NULL,NULL,NULL,NULL,NULL,NULL,NULL,NULL,NULL,NULL,0,'2025-07-25 05:30:43.149060','white wine','pinot blanc');
INSERT INTO "wine_wiki_wine" VALUES(134,134,10,15,'australia','2024','domaine simha derwent valley, tas',NULL,'f ield blend blanc',NULL,90,'2024 domaine simha ‘ f ield blend blanc’ derwent valley, tas 90','domaine simha',NULL,NULL,'tasmania','derwent valley',NULL,NULL,NULL,NULL,NULL,NULL,NULL,NULL,NULL,NULL,NULL,0,'2025-07-25 05:30:43.152603','white wine','pinot blanc');
INSERT INTO "wine_wiki_wine" VALUES(135,135,10,16,'rest of the world','2022','jint aro yura alsace, fr',NULL,'la partie et le tout',NULL,370,'2022 jint aro yura ‘ la partie et le tout’ alsace, fr 370','jintaro yura',NULL,'fr',NULL,'alsace',NULL,NULL,NULL,NULL,NULL,NULL,NULL,NULL,NULL,NULL,NULL,0,'2025-07-25 05:30:43.156397','white wine','pinot blanc');
INSERT INTO "wine_wiki_wine" VALUES(136,136,10,17,'rest of the world','2021','weingut rebholz pfalz, ger',NULL,NULL,NULL,180,'2021 weingut rebholz pfalz, ger 180','weingut rebholz',NULL,'ger',NULL,'pfalz',NULL,NULL,NULL,NULL,NULL,NULL,NULL,NULL,NULL,NULL,NULL,0,'2025-07-25 05:30:43.164402','white wine','pinot blanc');
INSERT INTO "wine_wiki_wine" VALUES(137,137,10,18,'rest of the world','2023','keller rheinhessen, ger',NULL,'pinot blanc blend',NULL,260,'2023 keller ‘pinot blanc blend’ rheinhessen, ger 260','keller',NULL,'ger',NULL,'rheinhessen',NULL,NULL,NULL,NULL,NULL,NULL,NULL,NULL,NULL,NULL,NULL,0,'2025-07-25 05:30:43.167304','white wine','pinot blanc');
INSERT INTO "wine_wiki_wine" VALUES(138,138,11,0,'australia','2022','poppelvej adelaide hills, sa',NULL,'blue rose case',NULL,120,'2022 poppelvej ‘blue rose case’ adelaide hills, sa 120','poppelvej',NULL,NULL,'sa','adelaide hills',NULL,NULL,NULL,NULL,NULL,NULL,NULL,NULL,NULL,NULL,NULL,0,'2025-07-25 05:30:43.173267','white wine','chenin blanc');
INSERT INTO "wine_wiki_wine" VALUES(139,139,11,1,'australia','2023','mmad mclaren vale, sa',NULL,NULL,NULL,135,'2023 mmad mclaren vale, sa 135','mmad',NULL,NULL,'sa','mclaren vale',NULL,NULL,NULL,NULL,NULL,NULL,NULL,NULL,NULL,NULL,NULL,0,'2025-07-25 05:30:43.175937','white wine','chenin blanc');
INSERT INTO "wine_wiki_wine" VALUES(140,140,11,2,'australia','2023','l.a.s. vino margaret river, wa',NULL,'cbdb',NULL,200,'2023 l.a.s. vino ‘cbdb’ margaret river, wa 200','l.a.s. vino',NULL,NULL,'wa','margaret river',NULL,NULL,NULL,NULL,NULL,NULL,NULL,NULL,NULL,NULL,NULL,0,'2025-07-25 05:30:43.179949','white wine','chenin blanc');
INSERT INTO "wine_wiki_wine" VALUES(141,141,11,3,'australia','2023','wines of merritt margaret river, wa',NULL,'single vineyard',NULL,108,'2023 wines of merritt ‘single vineyard’ margaret river, wa 108','wines of merritt',NULL,NULL,'wa','margaret river',NULL,NULL,NULL,NULL,NULL,NULL,NULL,NULL,NULL,NULL,NULL,0,'2025-07-25 05:30:43.183380','white wine','chenin blanc');
INSERT INTO "wine_wiki_wine" VALUES(142,142,11,4,'australia','2023','now swan valley, wa',NULL,NULL,NULL,190,'2023 now swan valley, wa 190','n.o.w.',NULL,NULL,'wa','swan valley',NULL,NULL,NULL,NULL,NULL,NULL,NULL,NULL,NULL,NULL,NULL,0,'2025-07-25 05:30:43.186018','white wine','chenin blanc');
INSERT INTO "wine_wiki_wine" VALUES(143,143,11,5,'new zealand','2021','millton gisborne',NULL,'te arai vineyard',NULL,85,'2021 millton ‘te arai vineyard ’ gisborne 85','millton',NULL,NULL,NULL,'gisborne',NULL,NULL,NULL,NULL,NULL,NULL,NULL,NULL,NULL,NULL,NULL,0,'2025-07-25 05:30:43.198740','white wine','chenin blanc');
INSERT INTO "wine_wiki_wine" VALUES(144,144,11,6,'new zealand','2021','millton gisborne',NULL,'libiamo amphora',NULL,135,'2021 millton ‘libiamo amphora’ gisborne 135','millton',NULL,NULL,NULL,'gisborne',NULL,NULL,NULL,NULL,NULL,NULL,NULL,NULL,NULL,NULL,NULL,0,'2025-07-25 05:30:43.206172','white wine','chenin blanc');
INSERT INTO "wine_wiki_wine" VALUES(145,145,11,7,'france','2020','domaine belargus anjou, loire valley',NULL,'rou ères',NULL,580,'2020 domaine belargus ‘rou ères ’ anjou, loire valley 580','domaine belargus',NULL,NULL,NULL,'loire valley','anjou',NULL,NULL,NULL,NULL,NULL,NULL,NULL,NULL,NULL,NULL,0,'2025-07-25 05:30:43.208653','white wine','chenin blanc');
INSERT INTO "wine_wiki_wine" VALUES(146,146,11,8,'france','2022','domaine guiberteau saumur, loire valley',NULL,NULL,NULL,190,'2022 domaine guiberteau saumur, loire valley 190','domaine guiberteau',NULL,NULL,NULL,'loire valley','saumur',NULL,NULL,NULL,NULL,NULL,NULL,NULL,NULL,NULL,NULL,0,'2025-07-25 05:30:43.227012','white wine','chenin blanc');
INSERT INTO "wine_wiki_wine" VALUES(147,147,11,9,'france','2022','f. duveau saumur, loire valley 1.5l',NULL,'poyeux',NULL,390,'2022 f. duveau ‘poyeux’ saumur, loire valley 1.5l 390','f. duveau',NULL,NULL,NULL,'loire valley','saumur',NULL,NULL,NULL,'Chenin Blanc',NULL,NULL,'1.5l',NULL,NULL,'From a tiny 0.08 hectare parcel of land in the village of Chacé, and produces only 10 barrels a year.

Rounded and smooth texture, fresh citrus and orchard fruit flavors, silky and clean finish.',1,'2025-07-25 05:30:43.249135','white wine','chenin blanc');
INSERT INTO "wine_wiki_wine" VALUES(148,148,11,10,'france','2016','nicolas joly, (dry) savennières, loire valley',NULL,'coulée de serrant',NULL,620,'2016 nicolas joly, ‘ coulée de serrant ’ (dry) savennières, loire valley 620','nicolas joly','dry',NULL,NULL,'loire valley','savennières',NULL,NULL,NULL,NULL,NULL,NULL,NULL,NULL,NULL,NULL,0,'2025-07-25 05:30:43.253262','white wine','chenin blanc');
INSERT INTO "wine_wiki_wine" VALUES(149,149,11,11,'france','2022','nicolas joly,‘coulée de serrant’ (off-dry) savennières, loire valley',NULL,NULL,NULL,800,'2022 nicolas joly,‘coulée de serrant’ (off-dry) savennières, loire valley 800','nicolas joly','off-dry',NULL,NULL,'loire valley','savennières',NULL,'coulée de serrant',NULL,NULL,NULL,NULL,NULL,NULL,NULL,NULL,0,'2025-07-25 05:30:43.255816','white wine','chenin blanc');
INSERT INTO "wine_wiki_wine" VALUES(150,150,11,12,'france','2020','françois chidaine montlouis sur loire, loire valley',NULL,'les tuffeaux',NULL,230,'2020 françois chidaine ‘les tuffeaux’ montlouis sur loire, loire valley 230','françois chidaine',NULL,NULL,NULL,'loire valley','montlouis sur loire',NULL,NULL,NULL,NULL,NULL,NULL,NULL,NULL,NULL,NULL,0,'2025-07-25 05:30:43.266508','white wine','chenin blanc');
INSERT INTO "wine_wiki_wine" VALUES(151,151,11,13,'france','2022','domaine taille aux loups vin de france (vouvray), loire valley',NULL,'bretonniére',NULL,340,'2022 domaine taille aux loups ‘bretonniére’ vin de france (vouvray), loire valley 340','domaine taille aux loups',NULL,NULL,NULL,'loire valley','vin de france (vouvray)',NULL,NULL,NULL,NULL,NULL,NULL,NULL,NULL,NULL,NULL,0,'2025-07-25 05:30:43.287591','white wine','chenin blanc');
INSERT INTO "wine_wiki_wine" VALUES(152,152,11,14,'france','1981','huet ‘clos du bourg’, demi-sec vouvray, loire valley 375ml',NULL,NULL,NULL,590,'1981 huet ‘clos du bourg’, demi-sec vouvray, loire valley 375ml 590','huet','demi-sec',NULL,NULL,'loire valley','vouvray',NULL,NULL,NULL,NULL,NULL,NULL,'375ml',NULL,NULL,NULL,0,'2025-07-25 05:30:43.290670','white wine','chenin blanc');
INSERT INTO "wine_wiki_wine" VALUES(153,153,11,15,'south africa','2021','naudé stellenbosch, western cape',NULL,NULL,NULL,190,'2021 naudé stellenbosch, western cape 190','naudé',NULL,NULL,NULL,'western cape','stellenbosch',NULL,NULL,NULL,NULL,NULL,NULL,NULL,NULL,NULL,NULL,0,'2025-07-25 05:30:43.293727','white wine','chenin blanc');
INSERT INTO "wine_wiki_wine" VALUES(154,154,11,16,'south africa','2022','gabriëlskloof swartland, western cape',NULL,'the landscape elodie',NULL,160,'2022 gabriëlskloof ‘the landscape elodie ’ swartland, western cape 160','gabriëlskloof',NULL,NULL,NULL,'western cape','swartland',NULL,NULL,NULL,NULL,NULL,NULL,NULL,NULL,NULL,NULL,0,'2025-07-25 05:30:43.296307','white wine','chenin blanc');
INSERT INTO "wine_wiki_wine" VALUES(155,155,11,17,'south africa','2022','the sadie family blend swartland, western cape',NULL,'palladius',NULL,760,'2022 the sadie family ‘palladius’ blend swartland, western cape 760','the sadie family',NULL,NULL,NULL,'western cape','swartland',NULL,NULL,NULL,NULL,NULL,NULL,NULL,NULL,NULL,NULL,0,'2025-07-25 05:30:43.302983','white wine','chenin blanc');
INSERT INTO "wine_wiki_wine" VALUES(156,156,11,18,'south africa','2023','the sadie family swartland, western cape',NULL,'skerpioen',NULL,490,'2023 the sadie family ‘skerpioen’ swartland, western cape 490','the sadie family',NULL,NULL,NULL,'western cape','swartland',NULL,NULL,NULL,NULL,NULL,NULL,NULL,NULL,NULL,NULL,0,'2025-07-25 05:30:43.305624','white wine','chenin blanc');
INSERT INTO "wine_wiki_wine" VALUES(157,157,11,19,'australia','2022','vinden hunter valley, nsw',NULL,NULL,NULL,95,'2022 vinden hunter valley, nsw 95','vinden',NULL,NULL,'nsw','hunter valley',NULL,NULL,NULL,NULL,NULL,NULL,NULL,NULL,NULL,NULL,NULL,0,'2025-07-25 05:30:43.308459','white wine','fiano');
INSERT INTO "wine_wiki_wine" VALUES(158,158,11,20,'australia','2024','sherrah mclaren vale, sa',NULL,NULL,NULL,74,'2024 sherrah mclaren vale, sa 74','sherrah',NULL,NULL,'sa','mclaren vale',NULL,NULL,NULL,NULL,NULL,NULL,NULL,NULL,NULL,NULL,NULL,0,'2025-07-25 05:30:43.311097','white wine','fiano');
INSERT INTO "wine_wiki_wine" VALUES(159,159,11,21,'australia','2021','by farr geelong, vic',NULL,NULL,NULL,245,'2021 by farr geelong, vic 245','by farr',NULL,NULL,'vic','geelong',NULL,NULL,NULL,NULL,NULL,NULL,NULL,NULL,NULL,NULL,NULL,0,'2025-07-25 05:30:43.315171','white wine','viognier');
INSERT INTO "wine_wiki_wine" VALUES(160,160,11,22,'australia','2019','inkwell mclaren vale, sa',NULL,'blonde on blonde',NULL,75,'2019 inkwell ‘blonde on blonde’ mclaren vale, sa 75','inkwell',NULL,NULL,'sa','mclaren vale',NULL,NULL,NULL,NULL,NULL,NULL,NULL,NULL,NULL,NULL,NULL,0,'2025-07-25 05:30:43.317937','white wine','viognier');
INSERT INTO "wine_wiki_wine" VALUES(161,161,11,23,'france','2022','andr é perret condrieu, rhône valley',NULL,'coteau de chéry',NULL,620,'2022 andr é perret ‘coteau de chéry’ condrieu, rhône valley 620','andré perret',NULL,NULL,NULL,'rhône valley','condrieu',NULL,NULL,NULL,NULL,NULL,NULL,NULL,NULL,NULL,NULL,0,'2025-07-25 05:30:43.321420','white wine','viognier');
INSERT INTO "wine_wiki_wine" VALUES(162,162,11,24,'france','2022','david duclaux condrieu, rhône valley',NULL,'les caillets',NULL,360,'2022 david duclaux ‘les caillets’ condrieu, rhône valley 360','david duclaux',NULL,NULL,NULL,'rhône valley','condrieu',NULL,NULL,NULL,NULL,NULL,NULL,NULL,NULL,NULL,NULL,0,'2025-07-25 05:30:43.324042','white wine','viognier');
INSERT INTO "wine_wiki_wine" VALUES(163,163,11,25,'france','2013','r. rostaing condrieu, rhône valley',NULL,'la bonnette',NULL,345,'2013 r. rostaing ‘la bonnette’ condrieu, rhône valley 345','r. rostaing',NULL,NULL,NULL,'rhône valley','condrieu',NULL,NULL,NULL,NULL,NULL,NULL,NULL,NULL,NULL,NULL,0,'2025-07-25 05:30:43.326719','white wine','viognier');
INSERT INTO "wine_wiki_wine" VALUES(164,164,12,0,'everywhere and anywhere','2023','aligoté, domaine collotte bourgogne, fr',NULL,NULL,NULL,130,'2023 aligoté, domaine collotte bourgogne, fr 130','domaine collotte',NULL,'fr',NULL,'bourgogne',NULL,NULL,NULL,NULL,'aligoté',NULL,NULL,NULL,NULL,NULL,NULL,0,'2025-07-25 05:30:43.329519','white wine','white varietals');
INSERT INTO "wine_wiki_wine" VALUES(165,165,12,1,'everywhere and anywhere','2024','arneis, thick as thieves yarra valley, vic',NULL,'aloof alpaca',NULL,80,'2024 arneis, thick as thieves ‘aloof alpaca’ yarra valley, vic 80','thick as thieves',NULL,NULL,'vic','yarra valley',NULL,NULL,NULL,NULL,'arneis',NULL,NULL,NULL,NULL,NULL,'Stone fruit (honeydew/rockmelon), pear, green apple. Minerality, textured, phenolic bitterness, quintessential dry white wine.',1,'2025-07-25 05:30:43.332684','white wine','white varietals');
INSERT INTO "wine_wiki_wine" VALUES(166,166,12,2,'everywhere and anywhere','2022','colombard , naudé western cape, south africa',NULL,'langpad old vine s',NULL,190,'2022 colombard , naudé ‘langpad old vine s ’ western cape, south africa 190','naudé',NULL,'south africa',NULL,'western cape',NULL,NULL,NULL,NULL,'colombard',NULL,NULL,NULL,NULL,NULL,NULL,0,'2025-07-25 05:30:43.335626','white wine','white varietals');
INSERT INTO "wine_wiki_wine" VALUES(167,167,12,3,'everywhere and anywhere','2022','gewürztraminer blend, la violetta great southern, wa',NULL,NULL,NULL,85,'2022 gewürztraminer blend, la violetta great southern, wa 85','la violetta',NULL,NULL,'wa','great southern',NULL,NULL,NULL,NULL,'gewürztraminer blend',NULL,NULL,NULL,NULL,NULL,NULL,0,'2025-07-25 05:30:43.340590','white wine','white varietals');
INSERT INTO "wine_wiki_wine" VALUES(168,168,12,4,'everywhere and anywhere','2011','godello, valdesil valdeorras, esp 1.5l',NULL,'pedrouzos',NULL,885,'2011 godello, valdesil ‘pedrouzos’ valdeorras, esp 1.5l 885','valdesil valdeorras',NULL,'esp',NULL,NULL,NULL,NULL,NULL,NULL,'godello',NULL,NULL,'1.5l',NULL,NULL,NULL,0,'2025-07-25 05:30:43.346147','white wine','white varietals');
INSERT INTO "wine_wiki_wine" VALUES(169,169,12,5,'everywhere and anywhere','2022','greco , benito ferrara, terra d’uva greco di tufo, it',NULL,NULL,NULL,115,'2022 greco , benito ferrara, terra d’uva greco di tufo, it 115','benito ferrara',NULL,'it',NULL,NULL,NULL,NULL,NULL,NULL,'greco',NULL,'greco di tufo',NULL,NULL,NULL,NULL,0,'2025-07-25 05:30:43.358521','white wine','white varietals');
INSERT INTO "wine_wiki_wine" VALUES(170,170,12,6,'everywhere and anywhere','2024','grüner veltliner, crft adelaide hills, sa',NULL,'arranmore',NULL,90,'2024 grüner veltliner, crft ‘ arranmore ’ adelaide hills, sa 90','crft',NULL,NULL,'sa','adelaide hills',NULL,NULL,NULL,NULL,'grüner veltliner',NULL,NULL,NULL,NULL,NULL,NULL,0,'2025-07-25 05:30:43.363016','white wine','white varietals');
INSERT INTO "wine_wiki_wine" VALUES(171,171,12,7,'everywhere and anywhere','2021','grüner veltliner, nikolaihof, federspiel wachau, austria',NULL,NULL,NULL,240,'2021 grüner veltliner, nikolaihof, federspiel wachau, austria 240','nikolaihof',NULL,'austria',NULL,'wachau',NULL,NULL,NULL,NULL,'grüner veltliner',NULL,'federspiel',NULL,NULL,NULL,NULL,0,'2025-07-25 05:30:43.366201','white wine','white varietals');
INSERT INTO "wine_wiki_wine" VALUES(172,172,12,8,'everywhere and anywhere','2022','marsanne blend, place of changing winds, macedon ranges, vic',NULL,NULL,NULL,210,'2022 marsanne blend, place of changing winds, macedon ranges, vic 210','place of changing winds',NULL,NULL,'vic','macedon ranges',NULL,NULL,NULL,NULL,'marsanne blend',NULL,NULL,NULL,NULL,NULL,NULL,0,'2025-07-25 05:30:43.372448','white wine','white varietals');
INSERT INTO "wine_wiki_wine" VALUES(173,173,12,9,'everywhere and anywhere','2021','marsanne/roussanne, yeringberg yarra valley, vic',NULL,NULL,NULL,180,'2021 marsanne/roussanne, yeringberg yarra valley, vic 180','yeringberg',NULL,NULL,'vic','yarra valley',NULL,NULL,NULL,NULL,'marsanne/roussanne',NULL,NULL,NULL,NULL,NULL,NULL,0,'2025-07-25 05:30:43.375777','white wine','white varietals');
INSERT INTO "wine_wiki_wine" VALUES(174,174,12,10,'everywhere and anywhere','2016','marsanne, marc sorrel hermitage blanc, rhône valley, fr',NULL,NULL,NULL,720,'2016 marsanne, marc sorrel hermitage blanc, rhône valley, fr 720','marc sorrel',NULL,'fr',NULL,'rhône valley','hermitage',NULL,NULL,NULL,'marsanne','blanc',NULL,NULL,NULL,NULL,NULL,0,'2025-07-25 05:30:43.378816','white wine','white varietals');
INSERT INTO "wine_wiki_wine" VALUES(175,175,12,11,'everywhere and anywhere','2023','malagousia, ktima zafeirakis tyrnavos, larissa, gr',NULL,NULL,NULL,115,'2023 malagousia, ktima zafeirakis tyrnavos, larissa, gr 115','ktima zafeirakis',NULL,'gr','larissa',NULL,NULL,'tyrnavos',NULL,NULL,'malagousia',NULL,NULL,NULL,NULL,NULL,NULL,0,'2025-07-25 05:30:43.381465','white wine','white varietals');
INSERT INTO "wine_wiki_wine" VALUES(176,176,12,12,'everywhere and anywhere','2020','pierre luneau-papin, la grange muscadet sèvre et maine, fr',NULL,NULL,NULL,80,'2020 pierre luneau-papin, la grange muscadet sèvre et maine, fr 80','pierre luneau-papin',NULL,'fr',NULL,NULL,'muscadet sèvre et maine',NULL,NULL,NULL,NULL,NULL,NULL,NULL,NULL,NULL,NULL,0,'2025-07-25 05:30:43.383870','white wine','white varietals');
INSERT INTO "wine_wiki_wine" VALUES(177,177,12,13,'everywhere and anywhere','2023','rebula, iggy adelaide hills, sa',NULL,NULL,NULL,170,'2023 rebula, iggy adelaide hills, sa 170','iggy',NULL,NULL,'sa','adelaide hills',NULL,NULL,NULL,NULL,'rebula',NULL,NULL,NULL,NULL,NULL,NULL,0,'2025-07-25 05:30:43.386257','white wine','white varietals');
INSERT INTO "wine_wiki_wine" VALUES(178,178,12,14,'everywhere and anywhere','2022','roussanne, michael hall barossa valley, sa',NULL,NULL,NULL,110,'2022 roussanne, michael hall barossa valley, sa 110','michael hall',NULL,NULL,'sa','barossa valley',NULL,NULL,NULL,NULL,'roussanne',NULL,NULL,NULL,NULL,NULL,NULL,0,'2025-07-25 05:30:43.388739','white wine','white varietals');
INSERT INTO "wine_wiki_wine" VALUES(179,179,12,15,'everywhere and anywhere','2022','roussanne/marsanne, iggy barossa valley, sa',NULL,'deda',NULL,170,'2022 roussanne/marsanne, iggy ‘deda’ barossa valley, sa 170','iggy',NULL,NULL,'sa','barossa valley',NULL,NULL,NULL,NULL,'roussanne/marsanne',NULL,NULL,NULL,NULL,NULL,NULL,0,'2025-07-25 05:30:43.392188','white wine','white varietals');
INSERT INTO "wine_wiki_wine" VALUES(180,180,12,16,'everywhere and anywhere','2019','roussanne, claude quenard et fils chignin-bergeron, savoie, fr',NULL,NULL,NULL,220,'2019 roussanne, claude quenard et fils chignin-bergeron, savoie, fr 220','claude quenard et fils',NULL,'fr',NULL,'savoie',NULL,NULL,NULL,NULL,'roussanne',NULL,'chignin-bergeron',NULL,NULL,NULL,NULL,0,'2025-07-25 05:30:43.394556','white wine','white varietals');
INSERT INTO "wine_wiki_wine" VALUES(181,181,12,17,'everywhere and anywhere','2021','rhône blend, domaine de beaurenard châteauneuf-du-pape, fr',NULL,NULL,NULL,280,'2021 rhône blend, domaine de beaurenard châteauneuf-du-pape, fr 280','domaine de beaurenard',NULL,'fr',NULL,NULL,'châteauneuf-du-pape',NULL,NULL,NULL,'rhône blend',NULL,NULL,NULL,NULL,NULL,NULL,0,'2025-07-25 05:30:43.399186','white wine','white varietals');
INSERT INTO "wine_wiki_wine" VALUES(182,182,12,18,'everywhere and anywhere','nv','savagnin, soumah yarra valley, vic',NULL,'muse no 3',NULL,280,'nv savagnin, soumah ‘muse no 3’ yarra valley, vic 280','soumah',NULL,NULL,'vic','yarra valley',NULL,NULL,NULL,NULL,'savagnin',NULL,NULL,NULL,NULL,NULL,NULL,0,'2025-07-25 05:30:43.402140','white wine','white varietals');
INSERT INTO "wine_wiki_wine" VALUES(183,183,12,19,'everywhere and anywhere','2022','s avagnin, domaine du pélican jura, fr',NULL,'ouillè',NULL,295,'2022 s avagnin, domaine du pélican ‘ ouillè ’ jura, fr 295','domaine du pélican',NULL,'fr',NULL,'jura',NULL,NULL,NULL,NULL,'savagnin',NULL,NULL,NULL,NULL,NULL,NULL,0,'2025-07-25 05:30:43.404538','white wine','white varietals');
INSERT INTO "wine_wiki_wine" VALUES(184,184,12,20,'everywhere and anywhere','2020','tokaji furmint, szepsy tokaji, hungary',NULL,NULL,NULL,180,'2020 tokaji furmint, szepsy tokaji, hungary 180','szepsy',NULL,'hungary',NULL,'tokaji',NULL,NULL,NULL,NULL,'furmint',NULL,NULL,NULL,NULL,NULL,NULL,0,'2025-07-25 05:30:43.407270','white wine','white varietals');
INSERT INTO "wine_wiki_wine" VALUES(185,185,12,21,'everywhere and anywhere','2023','vermentino, seppeltsfield barossa valley, sa',NULL,NULL,NULL,80,'2023 vermentino, seppeltsfield barossa valley, sa 80','seppeltsfield',NULL,NULL,'sa','barossa valley',NULL,NULL,NULL,NULL,'vermentino',NULL,NULL,NULL,NULL,NULL,NULL,0,'2025-07-25 05:30:43.409995','white wine','white varietals');
INSERT INTO "wine_wiki_wine" VALUES(186,186,12,22,'everywhere and anywhere','2023','vermentino, gullyview estate clare valley, sa',NULL,'albert’s',NULL,90,'2023 vermentino, gullyview estate ‘albert’s’ clare valley, sa 90','gullyview estate',NULL,NULL,'sa','clare valley',NULL,NULL,NULL,NULL,'vermentino',NULL,NULL,NULL,NULL,NULL,NULL,0,'2025-07-25 05:30:43.412969','white wine','white varietals');
INSERT INTO "wine_wiki_wine" VALUES(187,187,12,23,'everywhere and anywhere','2014','viura, ló pez de heredia rioja alta, esp',NULL,'viňa gravonia',NULL,340,'2014 viura, ló pez de heredia ‘viňa gravonia’ rioja alta, esp 340','ló pez de heredia',NULL,'esp',NULL,NULL,'rioja alta',NULL,NULL,NULL,'viura',NULL,NULL,NULL,NULL,NULL,NULL,0,'2025-07-25 05:30:43.418807','white wine','white varietals');
INSERT INTO "wine_wiki_wine" VALUES(188,188,13,0,'australia','2022','renzaglia wines bathurst, nsw',NULL,'bella luna',NULL,180,'2022 renzaglia wines ‘bella luna’ bathurst, nsw 180','renzaglia wines',NULL,NULL,'nsw','bathurst',NULL,NULL,NULL,NULL,NULL,NULL,NULL,NULL,NULL,NULL,NULL,0,'2025-07-25 05:30:43.422147','white wine','chardonnay');
INSERT INTO "wine_wiki_wine" VALUES(189,189,13,1,'australia','2023','tyrrell ’s hunter valley, nsw',NULL,'hvd vineyard',NULL,195,'2023 tyrrell ’s ‘hvd vineyard’ hunter valley, nsw 195','tyrrell’s',NULL,NULL,'nsw','hunter valley',NULL,NULL,NULL,NULL,NULL,NULL,NULL,NULL,NULL,NULL,NULL,0,'2025-07-25 05:30:43.426053','white wine','chardonnay');
INSERT INTO "wine_wiki_wine" VALUES(190,190,13,2,'australia','2018','tyrrell’s hunter valley, nsw',NULL,'hvd vineyard',NULL,280,'2018 tyrrell’s ‘hvd vineyard’ hunter valley, nsw 280','tyrrell’s',NULL,NULL,'nsw','hunter valley',NULL,NULL,NULL,NULL,NULL,NULL,NULL,NULL,NULL,NULL,NULL,0,'2025-07-25 05:30:43.429299','white wine','chardonnay');
INSERT INTO "wine_wiki_wine" VALUES(191,191,13,3,'australia','2023','de salis orange, nsw',NULL,'estate',NULL,120,'2023 de salis ‘estate’ orange, nsw 120','de salis',NULL,NULL,'nsw','orange',NULL,NULL,NULL,NULL,NULL,NULL,NULL,NULL,NULL,NULL,NULL,0,'2025-07-25 05:30:43.434072','white wine','chardonnay');
INSERT INTO "wine_wiki_wine" VALUES(192,192,13,4,'australia','2022','mathe w atallah orange, nsw',NULL,'block a2',NULL,135,'2022 mathe w atallah ‘block a2’ orange, nsw 135','matthew atallah',NULL,NULL,'nsw','orange',NULL,NULL,NULL,NULL,NULL,NULL,NULL,NULL,NULL,NULL,NULL,0,'2025-07-25 05:30:43.443207','white wine','chardonnay');
INSERT INTO "wine_wiki_wine" VALUES(193,193,13,5,'australia','2022','nick o’leary tumbarumba, nsw',NULL,NULL,NULL,80,'2022 nick o’leary tumbarumba, nsw 80','nick o’leary',NULL,NULL,'nsw','tumbarumba',NULL,NULL,NULL,NULL,NULL,NULL,NULL,NULL,NULL,NULL,NULL,0,'2025-07-25 05:30:43.458082','white wine','chardonnay');
INSERT INTO "wine_wiki_wine" VALUES(194,194,13,6,'australia','2002','eastern peake ballarat, vic',NULL,NULL,NULL,210,'2002 eastern peake ballarat, vic 210','eastern peake',NULL,NULL,'vic','ballarat',NULL,NULL,NULL,NULL,NULL,NULL,NULL,NULL,NULL,NULL,NULL,0,'2025-07-25 05:30:43.462581','white wine','chardonnay');
INSERT INTO "wine_wiki_wine" VALUES(195,195,13,7,'australia','2024','bannockburn geelong, vic',NULL,NULL,NULL,225,'2024 bannockburn geelong, vic 225','bannockburn',NULL,NULL,'vic','geelong',NULL,NULL,NULL,NULL,NULL,NULL,NULL,NULL,NULL,NULL,NULL,0,'2025-07-25 05:30:43.480471','white wine','chardonnay');
INSERT INTO "wine_wiki_wine" VALUES(196,196,13,8,'australia','2023','bannockburn geelong, vic 1.5l',NULL,NULL,NULL,430,'2023 bannockburn geelong, vic 1.5l 430','bannockburn',NULL,NULL,'vic','geelong',NULL,NULL,NULL,NULL,NULL,NULL,NULL,'1.5l',NULL,NULL,NULL,0,'2025-07-25 05:30:43.487701','white wine','chardonnay');
INSERT INTO "wine_wiki_wine" VALUES(197,197,13,9,'australia','2023','bannockburn s.r.h. geelong, vic',NULL,NULL,NULL,295,'2023 bannockburn s.r.h. geelong, vic 295','bannockburn',NULL,NULL,'vic','geelong',NULL,NULL,NULL,NULL,NULL,NULL,NULL,NULL,NULL,NULL,NULL,0,'2025-07-25 05:30:43.490535','white wine','chardonnay');
INSERT INTO "wine_wiki_wine" VALUES(198,198,13,10,'australia','2023','by farr geelong, vic',NULL,NULL,NULL,375,'2023 by farr geelong, vic 375','by farr',NULL,NULL,'vic','geelong',NULL,NULL,NULL,NULL,NULL,NULL,NULL,NULL,NULL,NULL,NULL,0,'2025-07-25 05:30:43.493196','white wine','chardonnay');
INSERT INTO "wine_wiki_wine" VALUES(199,199,13,11,'australia','2023','irrewarra geelong, vic',NULL,NULL,NULL,180,'2023 irrewarra geelong, vic 180','irrewarra',NULL,NULL,'vic','geelong',NULL,NULL,NULL,NULL,NULL,NULL,NULL,NULL,NULL,NULL,NULL,0,'2025-07-25 05:30:43.502379','white wine','chardonnay');
INSERT INTO "wine_wiki_wine" VALUES(200,200,13,12,'australia','2024','wickhams road gippsland, vic',NULL,NULL,NULL,85,'2024 wickhams road gippsland, vic 85','wickhams road',NULL,NULL,'vic','gippsland',NULL,NULL,NULL,NULL,NULL,NULL,NULL,NULL,NULL,NULL,NULL,0,'2025-07-25 05:30:43.506590','white wine','chardonnay');
INSERT INTO "wine_wiki_wine" VALUES(201,201,13,13,'australia','2022','latta henty, vic',NULL,'jurassique blanc o u illé',NULL,120,'2022 latta ‘jurassique blanc o u illé’ henty, vic 120','latta',NULL,NULL,'vic','henty',NULL,NULL,NULL,NULL,NULL,NULL,NULL,NULL,NULL,NULL,NULL,0,'2025-07-25 05:30:43.510955','white wine','chardonnay');
INSERT INTO "wine_wiki_wine" VALUES(202,202,13,14,'australia','2022','tarrington henty, vic',NULL,NULL,NULL,200,'2022 tarrington henty, vic 200','tarrington',NULL,NULL,'vic','henty',NULL,NULL,NULL,NULL,NULL,NULL,NULL,NULL,NULL,NULL,NULL,0,'2025-07-25 05:30:43.516765','white wine','chardonnay');
INSERT INTO "wine_wiki_wine" VALUES(203,203,13,15,'australia','2024','bindi macedon ranges, vic',NULL,'glenhope vineyard',NULL,120,'2024 bindi ‘glenhope vineyard’ macedon ranges, vic 120','bindi',NULL,NULL,'vic','macedon ranges',NULL,NULL,NULL,NULL,NULL,NULL,NULL,NULL,NULL,NULL,NULL,0,'2025-07-25 05:30:43.520724','white wine','chardonnay');
INSERT INTO "wine_wiki_wine" VALUES(204,204,13,16,'australia','2023','bindi macedon ranges, vic',NULL,'quartz',NULL,340,'2023 bindi ‘ quartz ’ macedon ranges, vic 340','bindi',NULL,NULL,'vic','macedon ranges',NULL,NULL,NULL,NULL,NULL,NULL,NULL,NULL,NULL,NULL,NULL,0,'2025-07-25 05:30:43.523394','white wine','chardonnay');
INSERT INTO "wine_wiki_wine" VALUES(205,205,13,17,'australia','2023','cobaw ridge macedon ranges, vic',NULL,NULL,NULL,270,'2023 cobaw ridge macedon ranges, vic 270','cobaw ridge',NULL,NULL,'vic','macedon ranges',NULL,NULL,NULL,NULL,NULL,NULL,NULL,NULL,NULL,NULL,NULL,0,'2025-07-25 05:30:43.526403','white wine','chardonnay');
INSERT INTO "wine_wiki_wine" VALUES(206,206,13,18,'australia','2024','josh cooper macedon ranges, vic',NULL,NULL,NULL,140,'2024 josh cooper macedon ranges, vic 140','josh cooper',NULL,NULL,'vic','macedon ranges',NULL,NULL,NULL,NULL,NULL,NULL,NULL,NULL,NULL,NULL,NULL,0,'2025-07-25 05:30:43.528989','white wine','chardonnay');
INSERT INTO "wine_wiki_wine" VALUES(207,207,13,19,'australia','2023','josh cooper macedon ranges, vic',NULL,'dash farms',NULL,225,'2023 josh cooper ‘dash farms’ macedon ranges, vic 225','josh cooper',NULL,NULL,'vic','macedon ranges',NULL,NULL,NULL,NULL,NULL,NULL,NULL,NULL,NULL,NULL,NULL,0,'2025-07-25 05:30:43.533166','white wine','chardonnay');
INSERT INTO "wine_wiki_wine" VALUES(208,208,13,20,'australia','2022','place of changing winds macedon ranges, vic',NULL,'la r derdark',NULL,460,'2022 place of changing winds ‘la r derdark’ macedon ranges, vic 460','place of changing winds',NULL,NULL,'vic','macedon ranges',NULL,NULL,NULL,NULL,NULL,NULL,NULL,NULL,NULL,NULL,NULL,0,'2025-07-25 05:30:43.538273','white wine','chardonnay');
INSERT INTO "wine_wiki_wine" VALUES(209,209,13,21,'australia','2023','elanto vineyard mornington peninsula, vic',NULL,NULL,NULL,210,'2023 elanto vineyard mornington peninsula, vic 210','elanto vineyard',NULL,NULL,'vic','mornington peninsula',NULL,NULL,NULL,NULL,NULL,NULL,NULL,NULL,NULL,NULL,NULL,0,'2025-07-25 05:30:43.543853','white wine','chardonnay');
INSERT INTO "wine_wiki_wine" VALUES(210,210,13,22,'australia','2023','montalto mornington peninsula, vic',NULL,'pennon hill',NULL,100,'2023 montalto ‘pennon hill’ mornington peninsula, vic 100','montalto',NULL,NULL,'vic','mornington peninsula',NULL,NULL,NULL,NULL,NULL,NULL,NULL,NULL,NULL,NULL,NULL,0,'2025-07-25 05:30:43.549609','white wine','chardonnay');
INSERT INTO "wine_wiki_wine" VALUES(211,211,13,23,'australia','2022','moorooduc estate mornington peninsula, vic',NULL,NULL,NULL,120,'2022 moorooduc estate mornington peninsula, vic 120','moorooduc estate',NULL,NULL,'vic','mornington peninsula',NULL,NULL,NULL,NULL,NULL,NULL,NULL,NULL,NULL,NULL,NULL,0,'2025-07-25 05:30:43.559859','white wine','chardonnay');
INSERT INTO "wine_wiki_wine" VALUES(212,212,13,24,'australia','2023','ocean eight mornington peninsula, vic',NULL,'verve',NULL,150,'2023 ocean eight ‘verve’ mornington peninsula, vic 150','ocean eight',NULL,NULL,'vic','mornington peninsula',NULL,NULL,NULL,NULL,NULL,NULL,NULL,NULL,NULL,NULL,NULL,0,'2025-07-25 05:30:43.566502','white wine','chardonnay');
INSERT INTO "wine_wiki_wine" VALUES(213,213,14,0,'australia','2023','ben haines yarra valley, vic',NULL,'flowers',NULL,120,'2023 ben haines ‘flowers’ yarra valley, vic 120','ben haines',NULL,NULL,'vic','yarra valley',NULL,NULL,NULL,NULL,NULL,NULL,NULL,NULL,NULL,NULL,NULL,0,'2025-07-25 05:30:43.569258','white wine','chardonnay');
INSERT INTO "wine_wiki_wine" VALUES(214,214,14,1,'australia','2023','giant steps yarra valley, vic',NULL,'bastard hill',NULL,240,'2023 giant steps ‘bastard hill’ yarra valley, vic 240','giant steps',NULL,NULL,'vic','yarra valley',NULL,NULL,NULL,NULL,NULL,NULL,NULL,NULL,NULL,NULL,NULL,0,'2025-07-25 05:30:43.572087','white wine','chardonnay');
INSERT INTO "wine_wiki_wine" VALUES(215,215,14,2,'australia','2022','giant steps yarra valley, vic',NULL,'equate',NULL,325,'2022 giant steps ‘equate’ yarra valley, vic 325','giant steps',NULL,NULL,'vic','yarra valley',NULL,NULL,NULL,NULL,NULL,NULL,NULL,NULL,NULL,NULL,NULL,0,'2025-07-25 05:30:43.574546','white wine','chardonnay');
INSERT INTO "wine_wiki_wine" VALUES(216,216,14,3,'australia','2021','mac forbes yarra valley, vic',NULL,'yarra junction',NULL,110,'2021 mac forbes ‘yarra junction’ yarra valley, vic 110','mac forbes',NULL,NULL,'vic','yarra valley',NULL,NULL,NULL,NULL,NULL,NULL,NULL,NULL,NULL,NULL,NULL,0,'2025-07-25 05:30:43.577002','white wine','chardonnay');
INSERT INTO "wine_wiki_wine" VALUES(217,217,14,4,'australia','2021','mount mary yarra valley, vic',NULL,NULL,NULL,395,'2021 mount mary yarra valley, vic 395','mount mary',NULL,NULL,'vic','yarra valley',NULL,NULL,NULL,NULL,NULL,NULL,NULL,NULL,NULL,NULL,NULL,0,'2025-07-25 05:30:43.579681','white wine','chardonnay');
INSERT INTO "wine_wiki_wine" VALUES(218,218,14,5,'australia','2019','oakridge yarra valley, vic 1.5l',NULL,'864 vi neyard',NULL,615,'2019 oakridge ‘ 864 vi neyard’ yarra valley, vic 1.5l 615','oakridge',NULL,NULL,'vic','yarra valley',NULL,NULL,NULL,NULL,NULL,NULL,NULL,'1.5l',NULL,NULL,NULL,0,'2025-07-25 05:30:43.582257','white wine','chardonnay');
INSERT INTO "wine_wiki_wine" VALUES(219,219,14,6,'australia','2023','oakridge yarra valley, vic',NULL,'local vineyard series',NULL,100,'2023 oakridge ‘local vineyard series’ yarra valley, vic 100','oakridge',NULL,NULL,'vic','yarra valley',NULL,NULL,NULL,NULL,NULL,NULL,NULL,NULL,NULL,NULL,NULL,0,'2025-07-25 05:30:43.584814','white wine','chardonnay');
INSERT INTO "wine_wiki_wine" VALUES(220,220,14,7,'australia','2024','soumah yarra valley, vic',NULL,'sv hexham',NULL,120,'2024 soumah ‘sv hexham’ yarra valley, vic 120','soumah',NULL,NULL,'vic','yarra valley',NULL,NULL,NULL,NULL,NULL,NULL,NULL,NULL,NULL,NULL,NULL,0,'2025-07-25 05:30:43.587603','white wine','chardonnay');
INSERT INTO "wine_wiki_wine" VALUES(221,221,14,8,'australia','2024','timo mayer yarra valley, vic',NULL,NULL,NULL,160,'2024 timo mayer yarra valley, vic 160','timo mayer',NULL,NULL,'vic','yarra valley',NULL,NULL,NULL,NULL,NULL,NULL,NULL,NULL,NULL,NULL,NULL,0,'2025-07-25 05:30:43.591838','white wine','chardonnay');
INSERT INTO "wine_wiki_wine" VALUES(222,222,14,9,'australia','2020','wantirna estate yarra valley, vic',NULL,'isabella',NULL,270,'2020 wantirna estate ‘isabella’ yarra valley, vic 270','wantirna estate',NULL,NULL,'vic','yarra valley',NULL,NULL,NULL,NULL,NULL,NULL,NULL,NULL,NULL,NULL,NULL,0,'2025-07-25 05:30:43.594849','white wine','chardonnay');
INSERT INTO "wine_wiki_wine" VALUES(223,223,14,10,'australia','2022','yeringberg yarra valley, vic',NULL,NULL,NULL,200,'2022 yeringberg yarra valley, vic 200','yeringberg',NULL,NULL,'vic','yarra valley',NULL,NULL,NULL,NULL,NULL,NULL,NULL,NULL,NULL,NULL,NULL,0,'2025-07-25 05:30:43.597796','white wine','chardonnay');
INSERT INTO "wine_wiki_wine" VALUES(224,224,14,11,'australia','2021','lowestoft coal river valley, tas',NULL,'la meil l eure',NULL,280,'2021 lowestoft ‘la meil l eure’ coal river valley, tas 280','lowestoft',NULL,NULL,'tasmania','coal river valley',NULL,NULL,NULL,NULL,NULL,NULL,NULL,NULL,NULL,NULL,NULL,0,'2025-07-25 05:30:43.600916','white wine','chardonnay');
INSERT INTO "wine_wiki_wine" VALUES(225,225,14,12,'australia','2023','tolpuddle coal river valley, tas',NULL,NULL,NULL,285,'2023 tolpuddle coal river valley, tas 285','tolpuddle',NULL,NULL,'tasmania','coal river valley',NULL,NULL,NULL,NULL,NULL,NULL,NULL,NULL,NULL,NULL,NULL,0,'2025-07-25 05:30:43.603971','white wine','chardonnay');
INSERT INTO "wine_wiki_wine" VALUES(226,226,14,13,'australia','2023','tolpuddle coal river valley, tas 1.5l',NULL,NULL,NULL,620,'2023 tolpuddle coal river valley, tas 1.5l 620','tolpuddle',NULL,NULL,'tasmania','coal river valley',NULL,NULL,NULL,NULL,NULL,NULL,NULL,'1.5l',NULL,NULL,NULL,0,'2025-07-25 05:30:43.607475','white wine','chardonnay');
INSERT INTO "wine_wiki_wine" VALUES(227,227,14,14,'australia','2023','pooley coal river valley, tas',NULL,'cooinda vale vineyard',NULL,240,'2023 pooley ‘ cooinda vale vineyard ’ coal river valley, tas 240','pooley',NULL,NULL,'tasmania','coal river valley',NULL,NULL,NULL,NULL,NULL,NULL,NULL,NULL,NULL,NULL,NULL,0,'2025-07-25 05:30:43.612348','white wine','chardonnay');
INSERT INTO "wine_wiki_wine" VALUES(228,228,14,15,'australia','2024','pooley coal river valley, tas `',NULL,'elizabeth anne',NULL,415,'2024 pooley ‘elizabeth anne’ coal river valley, tas ` 415','pooley',NULL,NULL,'tasmania','coal river valley',NULL,NULL,NULL,NULL,NULL,NULL,NULL,NULL,NULL,NULL,NULL,0,'2025-07-25 05:30:43.615237','white wine','chardonnay');
INSERT INTO "wine_wiki_wine" VALUES(229,229,14,16,'australia','2023','sailor seeks horse huon valley, tas',NULL,NULL,NULL,190,'2023 sailor seeks horse huon valley, tas 190','sailor seeks horse',NULL,NULL,'tasmania','huon valley',NULL,NULL,NULL,NULL,NULL,NULL,NULL,NULL,NULL,NULL,NULL,0,'2025-07-25 05:30:43.622111','white wine','chardonnay');
INSERT INTO "wine_wiki_wine" VALUES(230,230,14,17,'australia','2021','les fruits adelaide hills, sa',NULL,'cassie',NULL,125,'2021 les fruits ‘cassie’ adelaide hills, sa 125','les fruits',NULL,NULL,'sa','adelaide hills',NULL,NULL,NULL,NULL,NULL,NULL,NULL,NULL,NULL,NULL,NULL,0,'2025-07-25 05:30:43.625692','white wine','chardonnay');
INSERT INTO "wine_wiki_wine" VALUES(231,231,14,18,'australia','2022','moorak ` adelaide hills, sa',NULL,'carey gully',NULL,110,'2022 moorak ‘carey gully’ ` adelaide hills, sa 110','moorak',NULL,NULL,'sa','adelaide hills',NULL,NULL,NULL,NULL,NULL,NULL,NULL,NULL,NULL,NULL,NULL,0,'2025-07-25 05:30:43.631555','white wine','chardonnay');
INSERT INTO "wine_wiki_wine" VALUES(232,232,14,19,'australia','2023','shaw + smith adelaide hills, sa',NULL,'lenswood vineyard',NULL,250,'2023 shaw + smith ‘lenswood vineyard’ adelaide hills, sa 250','shaw + smith',NULL,NULL,'sa','adelaide hills',NULL,NULL,NULL,NULL,NULL,NULL,NULL,NULL,NULL,NULL,NULL,0,'2025-07-25 05:30:43.634701','white wine','chardonnay');
INSERT INTO "wine_wiki_wine" VALUES(233,233,14,20,'australia','2021','shaw + smith adelaide hills, sa 1.5l',NULL,'lenswood vineyard',NULL,500,'2021 shaw + smith ‘lenswood vineyard’ adelaide hills, sa 1.5l 500','shaw + smith',NULL,NULL,'sa','adelaide hills',NULL,NULL,NULL,NULL,NULL,NULL,NULL,'1.5l',NULL,NULL,NULL,0,'2025-07-25 05:30:43.638967','white wine','chardonnay');
INSERT INTO "wine_wiki_wine" VALUES(234,234,14,21,'australia','2024','shaw + smith adelaide hills, sa',NULL,'m3',NULL,140,'2024 shaw + smith ‘m3’ adelaide hills, sa 140','shaw + smith',NULL,NULL,'sa','adelaide hills',NULL,NULL,NULL,NULL,NULL,NULL,NULL,NULL,NULL,NULL,NULL,0,'2025-07-25 05:30:43.642495','white wine','chardonnay');
INSERT INTO "wine_wiki_wine" VALUES(235,235,14,22,'australia','2023','tapanappa adelaide hills, sa',NULL,'piccadilly valley',NULL,170,'2023 tapanappa ‘piccadilly valley’ adelaide hills, sa 170','tapanappa',NULL,NULL,'sa','adelaide hills',NULL,NULL,NULL,NULL,NULL,NULL,NULL,NULL,NULL,NULL,NULL,0,'2025-07-25 05:30:43.647087','white wine','chardonnay');
INSERT INTO "wine_wiki_wine" VALUES(236,236,14,23,'australia','2024','tapanappa adelaide hills, sa',NULL,'tiers',NULL,260,'2024 tapanappa ‘tiers’ adelaide hills, sa 260','tapanappa',NULL,NULL,'sa','adelaide hills',NULL,NULL,NULL,NULL,NULL,NULL,NULL,NULL,NULL,NULL,NULL,0,'2025-07-25 05:30:43.652214','white wine','chardonnay');
INSERT INTO "wine_wiki_wine" VALUES(237,237,14,24,'australia','2011','cullen margaret river, wa',NULL,'kevin john',NULL,920,'2011 cullen ‘kevin john’ margaret river, wa 920','cullen',NULL,NULL,'wa','margaret river',NULL,NULL,NULL,NULL,NULL,NULL,NULL,NULL,NULL,NULL,NULL,0,'2025-07-25 05:30:43.655939','white wine','chardonnay');
INSERT INTO "wine_wiki_wine" VALUES(238,238,14,25,'australia','2023','cullen margaret river, wa',NULL,'kevin john',NULL,500,'2023 cullen ‘kevin john’ margaret river, wa 500','cullen',NULL,NULL,'wa','margaret river',NULL,NULL,NULL,NULL,NULL,NULL,NULL,NULL,NULL,NULL,NULL,0,'2025-07-25 05:30:43.660018','white wine','chardonnay');
INSERT INTO "wine_wiki_wine" VALUES(239,239,14,26,'australia','2020','cullen margaret river, wa',NULL,'kevin john fruit day',NULL,790,'2020 cullen ‘kevin john fruit day’ margaret river, wa 790','cullen',NULL,NULL,'wa','margaret river',NULL,NULL,NULL,NULL,NULL,NULL,NULL,NULL,NULL,NULL,NULL,0,'2025-07-25 05:30:43.665603','white wine','chardonnay');
INSERT INTO "wine_wiki_wine" VALUES(240,240,14,27,'australia','2023','deep woods estate margaret river, wa',NULL,'single vineyard',NULL,130,'2023 deep woods estate ‘single vineyard’ margaret river, wa 130','deep woods estate',NULL,NULL,'wa','margaret river',NULL,NULL,NULL,NULL,NULL,NULL,NULL,NULL,NULL,NULL,NULL,0,'2025-07-25 05:30:43.669633','white wine','chardonnay');
INSERT INTO "wine_wiki_wine" VALUES(241,241,14,28,'australia','2023','domaine naturaliste margaret river, wa',NULL,'floris',NULL,100,'2023 domaine naturaliste ‘floris’ margaret river, wa 100','domaine naturaliste',NULL,NULL,'wa','margaret river',NULL,NULL,NULL,NULL,NULL,NULL,NULL,NULL,NULL,NULL,NULL,0,'2025-07-25 05:30:43.672207','white wine','chardonnay');
INSERT INTO "wine_wiki_wine" VALUES(242,242,14,29,'australia','2022','leeuwin estate margaret river, wa',NULL,'art series',NULL,450,'2022 leeuwin estate ‘art series’ margaret river, wa 450','leeuwin estate',NULL,NULL,'wa','margaret river',NULL,NULL,NULL,NULL,NULL,NULL,NULL,NULL,NULL,NULL,NULL,0,'2025-07-25 05:30:43.692296','white wine','chardonnay');
INSERT INTO "wine_wiki_wine" VALUES(243,243,14,30,'australia','2023','moss wood margaret river, wa',NULL,'wilyabrup',NULL,280,'2023 moss wood ‘ wilyabrup ’ margaret river, wa 280','moss wood',NULL,NULL,'wa','margaret river',NULL,NULL,NULL,NULL,NULL,NULL,NULL,NULL,NULL,NULL,NULL,0,'2025-07-25 05:30:43.695629','white wine','chardonnay');
INSERT INTO "wine_wiki_wine" VALUES(244,244,15,0,'new zealand','2021','millton clos de ste. anne gisborne',NULL,'naboth’s',NULL,260,'2021 millton clos de ste. anne ‘naboth’s’ gisborne 260','millton',NULL,NULL,NULL,'gisborne',NULL,NULL,NULL,NULL,NULL,NULL,NULL,NULL,'clos de ste. anne',NULL,NULL,0,'2025-07-25 05:30:43.699615','white wine','chardonnay');
INSERT INTO "wine_wiki_wine" VALUES(245,245,15,1,'new zealand','2020','pyramid valle y north canterbury',NULL,'lion’s tooth',NULL,430,'2020 pyramid valle y ‘lion’s tooth’ north canterbury 430','pyramid valley',NULL,NULL,NULL,'north canterbury',NULL,NULL,NULL,NULL,NULL,NULL,NULL,NULL,NULL,NULL,NULL,0,'2025-07-25 05:30:43.724115','white wine','chardonnay');
INSERT INTO "wine_wiki_wine" VALUES(246,246,15,2,'new zealand','2020','pyramid valley north canterbury',NULL,'field of fire',NULL,430,'2020 pyramid valley ‘field of fire’ north canterbury 430','pyramid valley',NULL,NULL,NULL,'north canterbury',NULL,NULL,NULL,NULL,NULL,NULL,NULL,NULL,NULL,NULL,NULL,0,'2025-07-25 05:30:43.727541','white wine','chardonnay');
INSERT INTO "wine_wiki_wine" VALUES(247,247,15,3,'france','2023','domaine collotte bourgogne blanc',NULL,NULL,NULL,200,'2023 domaine collotte bourgogne blanc 200','domaine collotte',NULL,NULL,NULL,'bourgogne',NULL,NULL,NULL,NULL,NULL,'blanc',NULL,NULL,NULL,NULL,NULL,0,'2025-07-25 05:30:43.766458','white wine','chardonnay');
INSERT INTO "wine_wiki_wine" VALUES(248,248,15,4,'france','2022','hubert lamy bourgogne blanc',NULL,'les chataigners',NULL,430,'2022 hubert lamy ‘les chataigners’ bourgogne blanc 430','hubert lamy',NULL,NULL,NULL,'bourgogne',NULL,NULL,NULL,NULL,NULL,'blanc',NULL,NULL,NULL,NULL,NULL,0,'2025-07-25 05:30:43.780162','white wine','chardonnay');
INSERT INTO "wine_wiki_wine" VALUES(249,249,15,5,'france','2021','fabien coche bourgogne blanc',NULL,NULL,NULL,240,'2021 fabien coche bourgogne blanc 240','fabien coche',NULL,NULL,NULL,'bourgogne',NULL,NULL,NULL,NULL,NULL,'blanc',NULL,NULL,NULL,NULL,NULL,0,'2025-07-25 05:30:43.787378','white wine','chardonnay');
INSERT INTO "wine_wiki_wine" VALUES(250,250,15,6,'france','2022','jane eyre bourgogne blanc',NULL,NULL,NULL,280,'2022 jane eyre bourgogne blanc 280','jane eyre',NULL,NULL,NULL,'bourgogne',NULL,NULL,NULL,NULL,NULL,'blanc',NULL,NULL,NULL,NULL,NULL,0,'2025-07-25 05:30:43.812060','white wine','chardonnay');
INSERT INTO "wine_wiki_wine" VALUES(251,251,15,7,'france','2021','billaud- simon chablis',NULL,'tête d’or',NULL,330,'2021 billaud- simon ‘tête d’or’ chablis 330','billaud-simon',NULL,NULL,NULL,NULL,'chablis',NULL,NULL,NULL,NULL,NULL,NULL,NULL,NULL,NULL,NULL,0,'2025-07-25 05:30:43.816496','white wine','chardonnay');
INSERT INTO "wine_wiki_wine" VALUES(252,252,15,8,'france','2023','séguinot-bordet chablis',NULL,'vieilles vignes',NULL,230,'2023 séguinot-bordet ‘vieilles vignes’ chablis 230','séguinot-bordet',NULL,NULL,NULL,NULL,'chablis',NULL,NULL,NULL,NULL,NULL,NULL,NULL,NULL,NULL,NULL,0,'2025-07-25 05:30:43.827873','white wine','chardonnay');
INSERT INTO "wine_wiki_wine" VALUES(253,253,15,9,'france','2018','vincent dauvissat chablis',NULL,NULL,NULL,510,'2018 vincent dauvissat chablis 510','vincent dauvissat',NULL,NULL,NULL,NULL,'chablis',NULL,NULL,NULL,NULL,NULL,NULL,NULL,NULL,NULL,NULL,0,'2025-07-25 05:30:43.831583','white wine','chardonnay');
INSERT INTO "wine_wiki_wine" VALUES(254,254,15,10,'france','2023','christian moreau chablis 1 er cru',NULL,'vaillon',NULL,390,'2023 christian moreau ‘vaillon’ chablis 1 er cru 390','christian moreau',NULL,NULL,NULL,NULL,'chablis',NULL,NULL,NULL,NULL,NULL,'1 er cru',NULL,NULL,NULL,NULL,0,'2025-07-25 05:30:43.835003','white wine','chardonnay');
INSERT INTO "wine_wiki_wine" VALUES(255,255,15,11,'france','2022','vincent dauvissat chablis 1 er cru',NULL,'la forest',NULL,840,'2022 vincent dauvissat ‘la forest’ chablis 1 er cru 840','vincent dauvissat',NULL,NULL,NULL,NULL,'chablis',NULL,NULL,NULL,NULL,NULL,'1 er cru',NULL,NULL,NULL,NULL,0,'2025-07-25 05:30:43.837596','white wine','chardonnay');
INSERT INTO "wine_wiki_wine" VALUES(256,256,15,12,'france','2022','albert bichot chablis, grand cru',NULL,'moutonne',NULL,980,'2022 albert bichot ‘moutonne’ chablis, grand cru 980','albert bichot',NULL,NULL,NULL,NULL,'chablis',NULL,NULL,NULL,NULL,NULL,'grand cru',NULL,NULL,NULL,NULL,0,'2025-07-25 05:30:43.840144','white wine','chardonnay');
INSERT INTO "wine_wiki_wine" VALUES(257,257,15,13,'france','2022','samuel billaud chablis, grand cru',NULL,'les preuses',NULL,900,'2022 samuel billaud ‘les preuses’ chablis, grand cru 900','samuel billaud',NULL,NULL,NULL,NULL,'chablis',NULL,NULL,NULL,NULL,NULL,'grand cru',NULL,NULL,NULL,NULL,0,'2025-07-25 05:30:43.843146','white wine','chardonnay');
INSERT INTO "wine_wiki_wine" VALUES(258,258,15,14,'france','2022','fabien coche auxey-duresses',NULL,NULL,NULL,385,'2022 fabien coche auxey-duresses 385','fabien coche',NULL,NULL,NULL,NULL,'auxey-duresses',NULL,NULL,NULL,NULL,NULL,NULL,NULL,NULL,NULL,NULL,0,'2025-07-25 05:30:43.846012','white wine','chardonnay');
INSERT INTO "wine_wiki_wine" VALUES(259,259,15,15,'france','2022','pierre girardin beaune 1 er cru 1.5l',NULL,'grand es épenot es',NULL,1350,'2022 pierre girardin ‘grand es épenot es’ beaune 1 er cru 1.5l 1,350','pierre girardin',NULL,NULL,NULL,NULL,'beaune',NULL,NULL,NULL,NULL,NULL,'1 er cru','1.5l',NULL,NULL,NULL,0,'2025-07-25 05:30:43.852947','white wine','chardonnay');
INSERT INTO "wine_wiki_wine" VALUES(260,260,15,16,'france','2022','pierre-yves colin-morey hautes-côtes-de-beaune',NULL,NULL,NULL,380,'2022 pierre-yves colin-morey hautes-côtes-de-beaune 380','pierre-yves colin-morey',NULL,NULL,NULL,NULL,'hautes-côtes-de-beaune',NULL,NULL,NULL,NULL,NULL,NULL,NULL,NULL,NULL,NULL,0,'2025-07-25 05:30:43.963323','white wine','chardonnay');
INSERT INTO "wine_wiki_wine" VALUES(261,261,15,17,'france','2022','antoine jobard meursault',NULL,NULL,NULL,820,'2022 antoine jobard meursault 820','antoine jobard',NULL,NULL,NULL,NULL,'meursault',NULL,NULL,NULL,NULL,NULL,NULL,NULL,NULL,NULL,NULL,0,'2025-07-25 05:30:43.965946','white wine','chardonnay');
INSERT INTO "wine_wiki_wine" VALUES(262,262,15,18,'france','2021','benjamin leroux meursault, 1 er cru',NULL,'les charmes - dessus',NULL,1100,'2021 benjamin leroux ‘les charmes - dessus’ meursault, 1 er cru 1,100','benjamin leroux',NULL,NULL,NULL,NULL,'meursault',NULL,NULL,NULL,NULL,NULL,'1 er cru',NULL,NULL,NULL,NULL,0,'2025-07-25 05:30:43.968570','white wine','chardonnay');
INSERT INTO "wine_wiki_wine" VALUES(263,263,15,19,'france','2022','caroline morey chassagne-montrachet',NULL,'chambrees',NULL,840,'2022 caroline morey ‘chambrees’ chassagne-montrachet 840','caroline morey',NULL,NULL,NULL,NULL,'chassagne-montrachet',NULL,NULL,NULL,NULL,NULL,NULL,NULL,NULL,NULL,NULL,0,'2025-07-25 05:30:43.971114','white wine','chardonnay');
INSERT INTO "wine_wiki_wine" VALUES(264,264,15,20,'france','2021','pierre-yves colin-morey chassagne-montrachet',NULL,'vieilles vignes',NULL,720,'2021 pierre-yves colin-morey chassagne-montrachet ‘vieilles vignes’ 720','pierre-yves colin-morey',NULL,NULL,NULL,NULL,'chassagne-montrachet',NULL,NULL,NULL,NULL,NULL,NULL,NULL,NULL,NULL,NULL,0,'2025-07-25 05:30:43.974596','white wine','chardonnay');
INSERT INTO "wine_wiki_wine" VALUES(265,265,15,21,'france','2022','hubert lamy saint-aubin',NULL,'la princée',NULL,580,'2022 hubert lamy ‘la princée’ saint-aubin 580','hubert lamy',NULL,NULL,NULL,NULL,'saint-aubin',NULL,NULL,NULL,NULL,NULL,NULL,NULL,NULL,NULL,NULL,0,'2025-07-25 05:30:43.977059','white wine','chardonnay');
INSERT INTO "wine_wiki_wine" VALUES(266,266,15,22,'france','2023','mee godard beaujolais blanc',NULL,NULL,NULL,195,'2023 mee godard beaujolais blanc 195','mee godard',NULL,NULL,NULL,NULL,'beaujolais',NULL,NULL,NULL,NULL,'blanc',NULL,NULL,NULL,NULL,NULL,0,'2025-07-25 05:30:43.979737','white wine','chardonnay');
INSERT INTO "wine_wiki_wine" VALUES(267,267,15,23,'france','2019','domaine thibert mâcon-prissé',NULL,'en chailloux',NULL,180,'2019 domaine thibert ‘en chailloux’ mâcon-prissé 180','domaine thibert',NULL,NULL,NULL,NULL,'mâcon-prissé',NULL,NULL,NULL,NULL,NULL,NULL,NULL,NULL,NULL,NULL,0,'2025-07-25 05:30:43.982416','white wine','chardonnay');
INSERT INTO "wine_wiki_wine" VALUES(268,268,15,24,'france','2022','domaine du pélican jura',NULL,'arbois',NULL,295,'2022 domaine du pélican ‘arbois’ jura 295','domaine du pélican',NULL,NULL,NULL,'jura',NULL,NULL,NULL,NULL,NULL,NULL,NULL,NULL,NULL,NULL,NULL,0,'2025-07-25 05:30:43.986357','white wine','chardonnay');
INSERT INTO "wine_wiki_wine" VALUES(269,269,15,25,'france','2020','jérôme arnoux jura',NULL,'initial',NULL,190,'2020 jérôme arnoux ‘initial’ jura 190','jérôme arnoux',NULL,NULL,NULL,'jura',NULL,NULL,NULL,NULL,NULL,NULL,NULL,NULL,NULL,NULL,NULL,0,'2025-07-25 05:30:43.988888','white wine','chardonnay');
INSERT INTO "wine_wiki_wine" VALUES(270,270,15,26,'rest of the world','2021','mayacamas mount veeder, napa valley, usa',NULL,NULL,NULL,520,'2021 mayacamas mount veeder, napa valley, usa 520','mayacamas',NULL,'usa',NULL,'napa valley','mount veeder',NULL,NULL,NULL,NULL,NULL,NULL,NULL,NULL,NULL,NULL,0,'2025-07-25 05:30:43.992182','white wine','chardonnay');
INSERT INTO "wine_wiki_wine" VALUES(271,271,15,27,'rest of the world','2022','keller rheinhessen, ger',NULL,'alte reben réserve blend',NULL,490,'2022 keller ‘alte reben réserve blend ’ rheinhessen, ger 490','keller',NULL,'ger',NULL,'rheinhessen',NULL,NULL,NULL,NULL,NULL,NULL,NULL,NULL,NULL,NULL,NULL,0,'2025-07-25 05:30:43.994686','white wine','chardonnay');
INSERT INTO "wine_wiki_wine" VALUES(272,272,15,28,'rest of the world','2021','franchetti terre siciliane, sicily, i t',NULL,'passopisciaro, contrada pc',NULL,440,'2021 franchetti ‘passopisciaro, contrada pc’ terre siciliane, sicily, i t 440','franchetti',NULL,'it',NULL,'sicily',NULL,NULL,NULL,NULL,NULL,NULL,NULL,NULL,NULL,NULL,NULL,0,'2025-07-25 05:30:43.996355','white wine','chardonnay');
INSERT INTO "wine_wiki_wine" VALUES(273,273,16,0,'australia','2023','vinden hunter valley, nsw',NULL,'experimental range',NULL,90,'2023 vinden ‘experimental range ’ hunter valley, nsw 90','vinden',NULL,NULL,'nsw','hunter valley',NULL,NULL,NULL,NULL,NULL,NULL,NULL,NULL,NULL,NULL,NULL,0,'2025-07-25 05:30:43.998573','orange, rosé and chilled red wine','skin contact and amphora');
INSERT INTO "wine_wiki_wine" VALUES(274,274,16,1,'australia','2022','renzaglia wines bathurst, nsw',NULL,'murnang',NULL,95,'2022 renzaglia wines ‘ murnang ’ bathurst, nsw 95','renzaglia wines',NULL,NULL,'nsw','bathurst',NULL,NULL,NULL,NULL,NULL,NULL,NULL,NULL,NULL,NULL,NULL,0,'2025-07-25 05:30:44.001231','orange, rosé and chilled red wine','skin contact and amphora');
INSERT INTO "wine_wiki_wine" VALUES(275,275,16,2,'australia','2023','latta pyrenees, vic',NULL,'rattlesnake',NULL,105,'2023 latta ‘rattlesnake’ pyrenees, vic 105','latta',NULL,NULL,'vic','pyrenees',NULL,NULL,NULL,NULL,NULL,NULL,NULL,NULL,NULL,NULL,NULL,0,'2025-07-25 05:30:44.003871','orange, rosé and chilled red wine','skin contact and amphora');
INSERT INTO "wine_wiki_wine" VALUES(276,276,16,3,'australia','2022','la petite mort granite belt, qld',NULL,'qvevri',NULL,110,'2022 la petite mort ‘qvevri’ granite belt, qld 110','la petite mort',NULL,NULL,'qld','granite belt',NULL,NULL,NULL,NULL,'Viognier, Marsanne, Roussanne',NULL,NULL,NULL,NULL,NULL,'',1,'2025-07-25 05:30:44.012067','orange, rosé and chilled red wine','skin contact and amphora');
INSERT INTO "wine_wiki_wine" VALUES(277,277,16,4,'rest of the world','2021','millton gisborne, nz',NULL,'libiamo amphora',NULL,135,'2021 millton ‘libiamo amphora’ gisborne, nz 135','millton',NULL,'nz',NULL,'gisborne',NULL,NULL,NULL,NULL,NULL,NULL,NULL,NULL,NULL,NULL,NULL,0,'2025-07-25 05:30:44.019518','orange, rosé and chilled red wine','skin contact and amphora');
INSERT INTO "wine_wiki_wine" VALUES(278,278,16,5,'rest of the world','2022','les arches de belliviè re vdf blanc, loire valley, fr',NULL,'caragouille',NULL,110,'2022 les arches de belliviè re ‘caragouille’ vdf blanc, loire valley, fr 110','les arches de bellivière',NULL,'fr',NULL,'loire valley',NULL,NULL,NULL,NULL,NULL,'blanc','vdf',NULL,NULL,NULL,NULL,0,'2025-07-25 05:30:44.022869','orange, rosé and chilled red wine','skin contact and amphora');
INSERT INTO "wine_wiki_wine" VALUES(279,279,16,6,'australia','2023','vinden hunter valley, nsw',NULL,'the headcase',NULL,90,'2023 vinden ‘the headcase’ hunter valley, nsw 90','vinden',NULL,NULL,'nsw','hunter valley',NULL,NULL,NULL,NULL,NULL,NULL,NULL,NULL,NULL,NULL,NULL,0,'2025-07-25 05:30:44.026284','orange, rosé and chilled red wine','rosé');
INSERT INTO "wine_wiki_wine" VALUES(280,280,16,7,'australia','2024','joshua cooper macedon ranges, vic',NULL,NULL,NULL,120,'2024 joshua cooper macedon ranges, vic 120','joshua cooper',NULL,NULL,'vic','macedon ranges',NULL,NULL,NULL,NULL,NULL,NULL,NULL,NULL,NULL,NULL,NULL,0,'2025-07-25 05:30:44.028926','orange, rosé and chilled red wine','rosé');
INSERT INTO "wine_wiki_wine" VALUES(281,281,16,8,'australia','2023','marli russell by mount mary yarra valley, vic',NULL,NULL,NULL,115,'2023 marli russell by mount mary yarra valley, vic 115','mount mary',NULL,NULL,'vic','yarra valley',NULL,NULL,NULL,NULL,NULL,NULL,NULL,NULL,'marli russell by mount mary',NULL,NULL,0,'2025-07-25 05:30:44.033648','orange, rosé and chilled red wine','rosé');
INSERT INTO "wine_wiki_wine" VALUES(282,282,16,9,'australia','2023','praeter adelaide hills, sa',NULL,'stolen moments',NULL,105,'2023 praeter ‘stolen moments’ adelaide hills, sa 105','praeter',NULL,NULL,'sa','adelaide hills',NULL,NULL,NULL,NULL,NULL,NULL,NULL,NULL,NULL,NULL,NULL,0,'2025-07-25 05:30:44.038255','orange, rosé and chilled red wine','rosé');
INSERT INTO "wine_wiki_wine" VALUES(283,283,16,10,'australia','2024','spinifex barossa valley, sa',NULL,NULL,NULL,74,'2024 spinifex barossa valley, sa 74','spinifex',NULL,NULL,'sa','barossa valley',NULL,NULL,NULL,NULL,NULL,NULL,NULL,NULL,NULL,NULL,NULL,0,'2025-07-25 05:30:44.042443','orange, rosé and chilled red wine','rosé');
INSERT INTO "wine_wiki_wine" VALUES(284,284,16,11,'australia','2024','mmad mclaren vale, sa',NULL,NULL,NULL,110,'2024 mmad mclaren vale, sa 110','mmad',NULL,NULL,'sa','mclaren vale',NULL,NULL,NULL,NULL,NULL,NULL,NULL,NULL,NULL,NULL,NULL,0,'2025-07-25 05:30:44.045971','orange, rosé and chilled red wine','rosé');
INSERT INTO "wine_wiki_wine" VALUES(285,285,16,12,'france','2023','pierre-yves colin-morey bourgogne',NULL,NULL,NULL,260,'2023 pierre-yves colin-morey bourgogne 260','pierre-yves colin-morey',NULL,NULL,NULL,'bourgogne',NULL,NULL,NULL,NULL,NULL,NULL,NULL,NULL,NULL,NULL,NULL,0,'2025-07-25 05:30:44.050886','orange, rosé and chilled red wine','rosé');
INSERT INTO "wine_wiki_wine" VALUES(286,286,16,13,'france','2023','domaine tempier bandol',NULL,NULL,NULL,240,'2023 domaine tempier bandol 240','domaine tempier',NULL,NULL,NULL,NULL,'bandol',NULL,NULL,NULL,NULL,NULL,NULL,NULL,NULL,NULL,NULL,0,'2025-07-25 05:30:44.056607','orange, rosé and chilled red wine','rosé');
INSERT INTO "wine_wiki_wine" VALUES(287,287,16,14,'france','2022','tour du bon bandol 1.5l',NULL,NULL,NULL,525,'2022 tour du bon bandol 1.5l 525','tour du bon',NULL,NULL,NULL,NULL,'bandol',NULL,NULL,NULL,NULL,NULL,NULL,'1.5l',NULL,NULL,NULL,0,'2025-07-25 05:30:44.060562','orange, rosé and chilled red wine','rosé');
INSERT INTO "wine_wiki_wine" VALUES(288,288,16,15,'france','2023','by. ott provence',NULL,NULL,NULL,120,'2023 by. ott provence 120','by ott',NULL,NULL,NULL,'provence',NULL,NULL,NULL,NULL,NULL,NULL,NULL,NULL,NULL,NULL,NULL,0,'2025-07-25 05:30:44.064121','orange, rosé and chilled red wine','rosé');
INSERT INTO "wine_wiki_wine" VALUES(289,289,16,16,'france','2023','maison saint aix provence',NULL,NULL,NULL,110,'2023 maison saint aix provence 110','maison saint aix',NULL,NULL,NULL,'provence',NULL,NULL,NULL,NULL,NULL,NULL,NULL,NULL,NULL,NULL,NULL,0,'2025-07-25 05:30:44.067344','orange, rosé and chilled red wine','rosé');
INSERT INTO "wine_wiki_wine" VALUES(290,290,16,17,'france','2021','domaine de la mordorée tavel',NULL,NULL,NULL,180,'2021 domaine de la mordorée tavel 180','domaine de la mordorée',NULL,NULL,NULL,NULL,'tavel',NULL,NULL,NULL,NULL,NULL,NULL,NULL,NULL,NULL,NULL,0,'2025-07-25 05:30:44.073902','orange, rosé and chilled red wine','rosé');
INSERT INTO "wine_wiki_wine" VALUES(291,291,16,18,'france','2024','dhillon by bindi macedon ranges, vic',NULL,'accidental red',NULL,75,'2024 dhillon by bindi ‘accidental red’ macedon ranges, vic 75','bindi',NULL,NULL,'vic','macedon ranges',NULL,NULL,NULL,NULL,NULL,NULL,NULL,NULL,'dhillon by bindi',NULL,NULL,0,'2025-07-25 05:30:44.076288','orange, rosé and chilled red wine','chilled red wine');
INSERT INTO "wine_wiki_wine" VALUES(292,292,16,19,'france','2022','moorak adelaide hills, sa',NULL,'oakbank',NULL,95,'2022 moorak ‘oakbank’ adelaide hills, sa 95','moorak',NULL,NULL,'sa','adelaide hills',NULL,NULL,NULL,NULL,NULL,NULL,NULL,NULL,NULL,NULL,NULL,0,'2025-07-25 05:30:44.083961','orange, rosé and chilled red wine','chilled red wine');
INSERT INTO "wine_wiki_wine" VALUES(293,293,16,20,'france','2024','ochota barrels adelaide hills, sa',NULL,'texture like sun',NULL,115,'2024 ochota barrels ‘texture like sun ’ adelaide hills, sa 115','ochota barrels',NULL,NULL,'sa','adelaide hills',NULL,NULL,NULL,NULL,NULL,NULL,NULL,NULL,NULL,NULL,NULL,0,'2025-07-25 05:30:44.088061','orange, rosé and chilled red wine','chilled red wine');
INSERT INTO "wine_wiki_wine" VALUES(294,294,16,21,'france','2021','windy view adelaide hills, sa',NULL,'purple slurple',NULL,110,'2021 windy view ‘purple slurple’ adelaide hills, sa 110','windy view',NULL,NULL,'sa','adelaide hills',NULL,NULL,NULL,NULL,NULL,NULL,NULL,NULL,NULL,NULL,NULL,0,'2025-07-25 05:30:44.091345','orange, rosé and chilled red wine','chilled red wine');
INSERT INTO "wine_wiki_wine" VALUES(295,295,16,22,'france','2023','poppelvej mclaren vale, sa',NULL,'blue rose case',NULL,95,'2023 poppelvej ‘blue rose case ’ mclaren vale, sa 95','poppelvej',NULL,NULL,'sa','mclaren vale',NULL,NULL,NULL,NULL,NULL,NULL,NULL,NULL,NULL,NULL,NULL,0,'2025-07-25 05:30:44.092979','orange, rosé and chilled red wine','chilled red wine');
INSERT INTO "wine_wiki_wine" VALUES(296,296,17,0,'australia','2023','lark hill canberra district, nsw',NULL,'regional',NULL,80,'2023 lark hill ‘regional’ canberra district, nsw 80','lark hill',NULL,NULL,'nsw','canberra district',NULL,NULL,NULL,NULL,NULL,NULL,NULL,NULL,NULL,NULL,NULL,0,'2025-07-25 05:30:44.095401','red wine','pinot noir');
INSERT INTO "wine_wiki_wine" VALUES(297,297,17,1,'australia','2023','de salis orange, nsw',NULL,'estate',NULL,120,'2023 de salis ‘estate’ orange, nsw 120','de salis',NULL,NULL,'nsw','orange',NULL,NULL,NULL,NULL,NULL,NULL,NULL,NULL,NULL,NULL,NULL,0,'2025-07-25 05:30:44.097454','red wine','pinot noir');
INSERT INTO "wine_wiki_wine" VALUES(298,298,17,2,'australia','2024','bannockburn geelong, vic',NULL,NULL,NULL,220,'2024 bannockburn geelong, vic 220','bannockburn',NULL,NULL,'vic','geelong',NULL,NULL,NULL,NULL,NULL,NULL,NULL,NULL,NULL,NULL,NULL,0,'2025-07-25 05:30:44.098950','red wine','pinot noir');
INSERT INTO "wine_wiki_wine" VALUES(299,299,17,3,'australia','2021','by farr geelong, vic',NULL,'tout prés',NULL,380,'2021 by farr ‘ tout prés ’ geelong, vic 380','by farr',NULL,NULL,'vic','geelong',NULL,NULL,NULL,NULL,NULL,NULL,NULL,NULL,NULL,NULL,NULL,0,'2025-07-25 05:30:44.100798','red wine','pinot noir');
INSERT INTO "wine_wiki_wine" VALUES(300,300,17,4,'australia','2022','irrewarra geelong, vic',NULL,NULL,NULL,180,'2022 irrewarra geelong, vic 180','irrewarra',NULL,NULL,'vic','geelong',NULL,NULL,NULL,NULL,NULL,NULL,NULL,NULL,NULL,NULL,NULL,0,'2025-07-25 05:30:44.102333','red wine','pinot noir');
INSERT INTO "wine_wiki_wine" VALUES(301,301,17,5,'australia','2018','bass phillip gippsland, vic',NULL,'estate',NULL,345,'2018 bass phillip ‘estate’ gippsland, vic 345','bass phillip',NULL,NULL,'vic','gippsland',NULL,NULL,NULL,NULL,NULL,NULL,NULL,NULL,NULL,NULL,NULL,0,'2025-07-25 05:30:44.103792','red wine','pinot noir');
INSERT INTO "wine_wiki_wine" VALUES(302,302,17,6,'australia','2024','wickhams road gippsland, vic',NULL,NULL,NULL,85,'2024 wickhams road gippsland, vic 85','wickhams road',NULL,NULL,'vic','gippsland',NULL,NULL,NULL,NULL,NULL,NULL,NULL,NULL,NULL,NULL,NULL,0,'2025-07-25 05:30:44.105165','red wine','pinot noir');
INSERT INTO "wine_wiki_wine" VALUES(303,303,17,7,'australia','2022','bindi macedon ranges, vic',NULL,'block 5',NULL,460,'2022 bindi ‘block 5’ macedon ranges, vic 460','bindi',NULL,NULL,'vic','macedon ranges',NULL,NULL,NULL,NULL,NULL,NULL,NULL,NULL,NULL,NULL,NULL,0,'2025-07-25 05:30:44.107185','red wine','pinot noir');
INSERT INTO "wine_wiki_wine" VALUES(304,304,17,8,'australia','2019','bindi macedon ranges, vic',NULL,'block 8',NULL,480,'2019 bindi ‘block 8’ macedon ranges, vic 480','bindi',NULL,NULL,'vic','macedon ranges',NULL,NULL,NULL,NULL,NULL,NULL,NULL,NULL,NULL,NULL,NULL,0,'2025-07-25 05:30:44.108958','red wine','pinot noir');
INSERT INTO "wine_wiki_wine" VALUES(305,305,17,9,'australia','2022','bindi macedon ranges, vic',NULL,'block 8',NULL,445,'2022 bindi ‘block 8’ macedon ranges, vic 445','bindi',NULL,NULL,'vic','macedon ranges',NULL,NULL,NULL,NULL,NULL,NULL,NULL,NULL,NULL,NULL,NULL,0,'2025-07-25 05:30:44.111125','red wine','pinot noir');
INSERT INTO "wine_wiki_wine" VALUES(306,306,17,10,'australia','2018','bindi macedon ranges, vic',NULL,'darshan',NULL,390,'2018 bindi ‘darshan’ macedon ranges, vic 390','bindi',NULL,NULL,'vic','macedon ranges',NULL,NULL,NULL,NULL,NULL,NULL,NULL,NULL,NULL,NULL,NULL,0,'2025-07-25 05:30:44.113228','red wine','pinot noir');
INSERT INTO "wine_wiki_wine" VALUES(307,307,17,11,'australia','2021','bindi macedon ranges, vic',NULL,'kaye',NULL,265,'2021 bindi ‘kaye’ macedon ranges, vic 265','bindi',NULL,NULL,'vic','macedon ranges',NULL,NULL,NULL,NULL,NULL,NULL,NULL,NULL,NULL,NULL,NULL,0,'2025-07-25 05:30:44.114770','red wine','pinot noir');
INSERT INTO "wine_wiki_wine" VALUES(308,308,17,12,'australia','2023','cobaw ridge macedon ranges, vic',NULL,'original block',NULL,270,'2023 cobaw ridge ‘original block’ macedon ranges, vic 270','cobaw ridge',NULL,NULL,'vic','macedon ranges',NULL,NULL,NULL,NULL,NULL,NULL,NULL,NULL,NULL,NULL,NULL,0,'2025-07-25 05:30:44.116175','red wine','pinot noir');
INSERT INTO "wine_wiki_wine" VALUES(309,309,17,13,'australia','2021','garden of earthly delights macedon ranges, vic',NULL,NULL,NULL,160,'2021 garden of earthly delights macedon ranges, vic 160','garden of earthly delights',NULL,NULL,'vic','macedon ranges',NULL,NULL,NULL,NULL,NULL,NULL,NULL,NULL,NULL,NULL,NULL,0,'2025-07-25 05:30:44.117684','red wine','pinot noir');
INSERT INTO "wine_wiki_wine" VALUES(310,310,17,14,'australia','2023','josh cooper macedon ranges, vic',NULL,'doug’s vineyard',NULL,220,'2023 josh cooper ‘doug’s vineyard’ macedon ranges, vic 220','josh cooper',NULL,NULL,'vic','macedon ranges',NULL,NULL,NULL,NULL,NULL,NULL,NULL,NULL,NULL,NULL,NULL,0,'2025-07-25 05:30:44.119152','red wine','pinot noir');
INSERT INTO "wine_wiki_wine" VALUES(311,311,17,15,'australia','2022','place of changing winds macedon ranges, vic',NULL,'2 mountains',NULL,360,'2022 place of changing winds ‘2 mountains’ macedon ranges, vic 360','place of changing winds',NULL,NULL,'vic','macedon ranges',NULL,NULL,NULL,NULL,NULL,NULL,NULL,NULL,NULL,NULL,NULL,0,'2025-07-25 05:30:44.120562','red wine','pinot noir');
INSERT INTO "wine_wiki_wine" VALUES(312,312,17,16,'australia','2022','shadowfax macedon ranges, vic',NULL,NULL,NULL,105,'2022 shadowfax macedon ranges, vic 105','shadowfax',NULL,NULL,'vic','macedon ranges',NULL,NULL,NULL,NULL,NULL,NULL,NULL,NULL,NULL,NULL,NULL,0,'2025-07-25 05:30:44.122299','red wine','pinot noir');
INSERT INTO "wine_wiki_wine" VALUES(313,313,17,17,'australia','2024','william downie mornington and king valley, vic',NULL,'cathedral',NULL,80,'2024 william downie ‘cathedral’ mornington and king valley, vic 80','william downie',NULL,NULL,'vic','mornington and king valley',NULL,NULL,NULL,NULL,NULL,NULL,NULL,NULL,NULL,NULL,NULL,0,'2025-07-25 05:30:44.123733','red wine','pinot noir');
INSERT INTO "wine_wiki_wine" VALUES(314,314,17,18,'australia','2023','elanto vineyard mornington peninsula, vic',NULL,NULL,NULL,210,'2023 elanto vineyard mornington peninsula, vic 210','elanto vineyard',NULL,NULL,'vic','mornington peninsula',NULL,NULL,NULL,NULL,NULL,NULL,NULL,NULL,NULL,NULL,NULL,0,'2025-07-25 05:30:44.125126','red wine','pinot noir');
INSERT INTO "wine_wiki_wine" VALUES(315,315,17,19,'australia','2005','kooyong mornington peninsula, vic',NULL,'ferrous',NULL,372,'2005 kooyong ‘ferrous’ mornington peninsula, vic 372','kooyong',NULL,NULL,'vic','mornington peninsula',NULL,NULL,NULL,NULL,NULL,NULL,NULL,NULL,NULL,NULL,NULL,0,'2025-07-25 05:30:44.127398','red wine','pinot noir');
INSERT INTO "wine_wiki_wine" VALUES(316,316,17,20,'australia','2024','onannon mornington peninsula, vic',NULL,NULL,NULL,95,'2024 onannon mornington peninsula, vic 95','onannon',NULL,NULL,'vic','mornington peninsula',NULL,NULL,NULL,NULL,NULL,NULL,NULL,NULL,NULL,NULL,NULL,0,'2025-07-25 05:30:44.129569','red wine','pinot noir');
INSERT INTO "wine_wiki_wine" VALUES(317,317,17,21,'australia','2021','paradigm hill mornington peninsula, vic',NULL,'les cinq',NULL,285,'2021 paradigm hill ‘ les cinq ’ mornington peninsula, vic 285','paradigm hill',NULL,NULL,'vic','mornington peninsula',NULL,NULL,NULL,NULL,NULL,NULL,NULL,NULL,NULL,NULL,NULL,0,'2025-07-25 05:30:44.131853','red wine','pinot noir');
INSERT INTO "wine_wiki_wine" VALUES(318,318,17,22,'australia','2022','yabby lake mornington peninsula, vic',NULL,'block 2',NULL,320,'2022 yabby lake ‘block 2’ mornington peninsula, vic 320','yabby lake',NULL,NULL,'vic','mornington peninsula',NULL,NULL,NULL,NULL,NULL,NULL,NULL,NULL,NULL,NULL,NULL,0,'2025-07-25 05:30:44.135382','red wine','pinot noir');
INSERT INTO "wine_wiki_wine" VALUES(319,319,17,23,'australia','2021','yal yal estate mornington peninsula, vic',NULL,NULL,NULL,110,'2021 yal yal estate mornington peninsula, vic 110','yal yal estate',NULL,NULL,'vic','mornington peninsula',NULL,NULL,NULL,NULL,NULL,NULL,NULL,NULL,NULL,NULL,NULL,0,'2025-07-25 05:30:44.138489','red wine','pinot noir');
INSERT INTO "wine_wiki_wine" VALUES(320,320,17,24,'australia','2023','jane eyre yarra valley, vic',NULL,NULL,NULL,240,'2023 jane eyre yarra valley, vic 240','jane eyre',NULL,NULL,'vic','yarra valley',NULL,NULL,NULL,NULL,NULL,NULL,NULL,NULL,NULL,NULL,NULL,0,'2025-07-25 05:30:44.140980','red wine','pinot noir');
INSERT INTO "wine_wiki_wine" VALUES(321,321,17,25,'australia','2022','mount mary yarra valley, vic',NULL,NULL,NULL,480,'2022 mount mary yarra valley, vic 480','mount mary',NULL,NULL,'vic','yarra valley',NULL,NULL,NULL,NULL,NULL,NULL,NULL,NULL,NULL,NULL,NULL,0,'2025-07-25 05:30:44.144941','red wine','pinot noir');
INSERT INTO "wine_wiki_wine" VALUES(322,322,17,26,'australia','2018','yeringberg yarra valley, vic',NULL,NULL,NULL,320,'2018 yeringberg yarra valley, vic 320','yeringberg',NULL,NULL,'vic','yarra valley',NULL,NULL,NULL,NULL,NULL,NULL,NULL,NULL,NULL,NULL,NULL,0,'2025-07-25 05:30:44.147539','red wine','pinot noir');
INSERT INTO "wine_wiki_wine" VALUES(323,323,18,0,'australia','2022','jane eyre tasmania',NULL,NULL,NULL,260,'2022 jane eyre tasmania 260','jane eyre',NULL,NULL,'tasmania',NULL,NULL,NULL,NULL,NULL,NULL,NULL,NULL,NULL,NULL,NULL,NULL,0,'2025-07-25 05:30:44.152944','red wine','pinot noir');
INSERT INTO "wine_wiki_wine" VALUES(324,324,18,1,'australia','2023','pooley coal river valley, tas',NULL,'butcher’s hill vineyard',NULL,230,'2023 pooley ‘ butcher ’s hill vineyard ’ coal river valley, tas 230','pooley',NULL,NULL,'tasmania','coal river valley',NULL,NULL,NULL,NULL,NULL,NULL,NULL,NULL,NULL,NULL,'',0,'2025-07-25 05:30:44.157700','red wine','pinot noir');
INSERT INTO "wine_wiki_wine" VALUES(325,325,18,2,'australia','2023','tolpuddle coal river valley, tas',NULL,NULL,NULL,285,'2023 tolpuddle coal river valley, tas 285','tolpuddle',NULL,NULL,'tasmania','coal river valley',NULL,NULL,NULL,NULL,NULL,NULL,NULL,NULL,NULL,NULL,NULL,0,'2025-07-25 05:30:44.168148','red wine','pinot noir');
INSERT INTO "wine_wiki_wine" VALUES(326,326,18,3,'australia','2023','sailor seeks horse coal river valley, tas',NULL,NULL,NULL,190,'2023 sailor seeks horse coal river valley, tas 190','sailor seeks horse',NULL,NULL,'tasmania','coal river valley',NULL,NULL,NULL,NULL,NULL,NULL,NULL,NULL,NULL,NULL,NULL,0,'2025-07-25 05:30:44.170271','red wine','pinot noir');
INSERT INTO "wine_wiki_wine" VALUES(327,327,18,4,'australia','2023','michael hall adelaide hills, sa',NULL,'sang de pigeon',NULL,85,'2023 michael hall ‘sang de pigeon’ adelaide hills, sa 85','michael hall',NULL,NULL,'sa','adelaide hills',NULL,NULL,NULL,NULL,NULL,NULL,NULL,NULL,NULL,NULL,NULL,0,'2025-07-25 05:30:44.172809','red wine','pinot noir');
INSERT INTO "wine_wiki_wine" VALUES(328,328,18,5,'australia','2023','tapanappa fleurieu peninsula, sa',NULL,'foggy hill vineyard',NULL,150,'2023 tapanappa ‘foggy hill vineyard ’ fleurieu peninsula, sa 150','tapanappa',NULL,NULL,'sa','fleurieu peninsula',NULL,'fleurie',NULL,NULL,NULL,NULL,NULL,NULL,NULL,NULL,NULL,0,'2025-07-25 05:30:44.175647','red wine','pinot noir');
INSERT INTO "wine_wiki_wine" VALUES(329,329,18,6,'australia','2022','picardy pemberton, wa',NULL,'',NULL,190,'2022 picardy pemberton, wa 190','picardy',NULL,NULL,'wa','pemberton',NULL,NULL,NULL,NULL,NULL,NULL,NULL,NULL,NULL,NULL,'Profound, spicy, red and black cherries, cedar box, allspice, cloves, savory',1,'2025-07-25 05:30:44.178492','red wine','pinot noir');
INSERT INTO "wine_wiki_wine" VALUES(330,330,18,7,'new zealand','2022','kumeu river auckland',NULL,'village',NULL,85,'2022 kumeu river ‘village’ auckland 85','kumeu river',NULL,NULL,NULL,'auckland',NULL,NULL,NULL,NULL,NULL,NULL,NULL,NULL,NULL,NULL,NULL,0,'2025-07-25 05:30:44.181015','red wine','pinot noir');
INSERT INTO "wine_wiki_wine" VALUES(331,331,18,8,'new zealand','2020','pyramid valley north canterbury',NULL,'earth smoke',NULL,395,'2020 pyramid valley ‘earth smoke’ north canterbury 395','pyramid valley',NULL,NULL,NULL,'north canterbury',NULL,NULL,NULL,NULL,NULL,NULL,NULL,NULL,NULL,NULL,NULL,0,'2025-07-25 05:30:44.183381','red wine','pinot noir');
INSERT INTO "wine_wiki_wine" VALUES(332,332,18,9,'new zealand','2016','pyramid valley waipara valley, north canterbury',NULL,'angel flower',NULL,520,'2016 pyramid valley ‘angel flower’ waipara valley, north canterbury 520','pyramid valley',NULL,NULL,NULL,'north canterbury','waipara valley',NULL,NULL,NULL,NULL,NULL,NULL,NULL,NULL,NULL,NULL,0,'2025-07-25 05:30:44.185504','red wine','pinot noir');
INSERT INTO "wine_wiki_wine" VALUES(333,333,18,10,'new zealand','2021','pegasus bay north canterbury',NULL,NULL,NULL,225,'2021 pegasus bay north canterbury 225','pegasus bay',NULL,NULL,NULL,'north canterbury',NULL,NULL,NULL,NULL,NULL,NULL,NULL,NULL,NULL,NULL,NULL,0,'2025-07-25 05:30:44.188562','red wine','pinot noir');
INSERT INTO "wine_wiki_wine" VALUES(334,334,18,11,'new zealand','2006','felton road central otago',NULL,'bannockburn',NULL,565,'2006 felton road ‘ bannockburn ’ central otago 565','felton road',NULL,NULL,NULL,'central otago',NULL,NULL,NULL,NULL,NULL,NULL,NULL,NULL,NULL,NULL,NULL,0,'2025-07-25 05:30:44.190378','red wine','pinot noir');
INSERT INTO "wine_wiki_wine" VALUES(335,335,18,12,'france','2022','jintaro yura alsace',NULL,'la partie et le tout',NULL,395,'2022 jintaro yura ‘la partie et le tout’ alsace 395','jintaro yura',NULL,NULL,NULL,'alsace',NULL,NULL,NULL,NULL,NULL,NULL,NULL,NULL,NULL,NULL,NULL,0,'2025-07-25 05:30:44.192852','red wine','pinot noir');
INSERT INTO "wine_wiki_wine" VALUES(336,336,18,13,'france','2019','charles heidsieck, coteaux champenois ambonnay, champagne',NULL,NULL,NULL,530,'2019 charles heidsieck, coteaux champenois ambonnay, champagne 530','charles heidsieck',NULL,NULL,NULL,'champagne','coteaux champenois','ambonnay',NULL,NULL,NULL,NULL,NULL,NULL,NULL,NULL,NULL,0,'2025-07-25 05:30:44.195057','red wine','pinot noir');
INSERT INTO "wine_wiki_wine" VALUES(337,337,18,14,'france','2022','benjamin leroux bourgogne rouge',NULL,NULL,NULL,295,'2022 benjamin leroux bourgogne rouge 295','benjamin leroux',NULL,NULL,NULL,'bourgogne',NULL,NULL,NULL,NULL,NULL,'rouge',NULL,NULL,NULL,NULL,NULL,0,'2025-07-25 05:30:44.197518','red wine','pinot noir');
INSERT INTO "wine_wiki_wine" VALUES(338,338,18,15,'france','2022','jean- marie fourrier bourgogne rouge',NULL,'comte de chapelle',NULL,320,'2022 jean- marie fourrier ‘comte de chapelle’ bourgogne rouge 320','jean-marie fourrier',NULL,NULL,NULL,'bourgogne',NULL,NULL,NULL,NULL,NULL,'rouge',NULL,NULL,NULL,NULL,NULL,0,'2025-07-25 05:30:44.199577','red wine','pinot noir');
INSERT INTO "wine_wiki_wine" VALUES(339,339,18,16,'france','2022','domaine collotte marsannay',NULL,'les grasses têtes',NULL,220,'2022 domaine collotte ‘les grasses têtes’ marsannay 220','domaine collotte',NULL,NULL,NULL,NULL,'marsannay',NULL,NULL,NULL,NULL,NULL,NULL,NULL,NULL,NULL,NULL,0,'2025-07-25 05:30:44.201476','red wine','pinot noir');
INSERT INTO "wine_wiki_wine" VALUES(340,340,18,17,'france','2018','joseph drouhin chambolle-musigny, 1 er cru',NULL,'amoureuses',NULL,1800,'2018 joseph drouhin ‘amoureuses’ chambolle-musigny, 1 er cru 1,800','joseph drouhin',NULL,NULL,NULL,NULL,'chambolle-musigny',NULL,NULL,NULL,NULL,NULL,'1 er cru',NULL,NULL,NULL,NULL,0,'2025-07-25 05:30:44.203128','red wine','pinot noir');
INSERT INTO "wine_wiki_wine" VALUES(341,341,18,18,'france','2015','domaine de la romanée-conti la tache, grand cru',NULL,NULL,NULL,12100,'2015 domaine de la romanée-conti la tache, grand cru 12,100','domaine de la romanée-conti',NULL,NULL,NULL,NULL,NULL,NULL,'la tache',NULL,NULL,NULL,'grand cru',NULL,NULL,NULL,NULL,0,'2025-07-25 05:30:44.204771','red wine','pinot noir');
INSERT INTO "wine_wiki_wine" VALUES(342,342,18,19,'france','2020','domaine de la romanée-conti romanée-st-vivant, grand cru',NULL,NULL,NULL,6400,'2020 domaine de la romanée-conti romanée-st-vivant, grand cru 6,400','domaine de la romanée-conti',NULL,NULL,NULL,NULL,'romanée-st-vivant',NULL,NULL,NULL,NULL,NULL,'grand cru',NULL,NULL,NULL,NULL,0,'2025-07-25 05:30:44.206687','red wine','pinot noir');
INSERT INTO "wine_wiki_wine" VALUES(343,343,18,20,'france','2021','benjamin leroux vosne-romanée',NULL,NULL,NULL,790,'2021 benjamin leroux vosne-romanée 790','benjamin leroux',NULL,NULL,NULL,NULL,'vosne-romanée',NULL,NULL,NULL,NULL,NULL,NULL,NULL,NULL,NULL,NULL,0,'2025-07-25 05:30:44.208759','red wine','pinot noir');
INSERT INTO "wine_wiki_wine" VALUES(344,344,18,21,'france','2019','domaine génot-boulanger pommard',NULL,'vieilles vignes',NULL,460,'2019 domaine génot-boulanger pommard ‘vieilles vignes’ 460','domaine génot-boulanger',NULL,NULL,NULL,NULL,'pommard',NULL,NULL,NULL,NULL,NULL,NULL,NULL,NULL,NULL,NULL,0,'2025-07-25 05:30:44.211399','red wine','pinot noir');
INSERT INTO "wine_wiki_wine" VALUES(345,345,18,22,'france','2021','benjamin leroux volnay',NULL,NULL,NULL,575,'2021 benjamin leroux volnay 575','benjamin leroux',NULL,NULL,NULL,NULL,'volnay',NULL,NULL,NULL,NULL,NULL,NULL,NULL,NULL,NULL,NULL,0,'2025-07-25 05:30:44.215960','red wine','pinot noir');
INSERT INTO "wine_wiki_wine" VALUES(346,346,18,23,'france','2022','pierre-yves-colin-morey monthélie',NULL,NULL,NULL,350,'2022 pierre-yves-colin-morey monthélie 350','pierre-yves colin-morey',NULL,NULL,NULL,NULL,'monthélie',NULL,NULL,NULL,NULL,NULL,NULL,NULL,NULL,NULL,NULL,0,'2025-07-25 05:30:44.218157','red wine','pinot noir');
INSERT INTO "wine_wiki_wine" VALUES(347,347,18,24,'france','2022','fabien coche meursault',NULL,NULL,NULL,390,'2022 fabien coche meursault 390','fabien coche',NULL,NULL,NULL,NULL,'meursault',NULL,NULL,NULL,NULL,NULL,NULL,NULL,NULL,NULL,NULL,0,'2025-07-25 05:30:44.219849','red wine','pinot noir');
INSERT INTO "wine_wiki_wine" VALUES(348,348,18,25,'france','2022','caroline morey santenay',NULL,NULL,NULL,340,'2022 caroline morey santenay 340','caroline morey',NULL,NULL,NULL,NULL,'santenay',NULL,NULL,NULL,NULL,NULL,NULL,NULL,NULL,NULL,NULL,0,'2025-07-25 05:30:44.221594','red wine','pinot noir');
INSERT INTO "wine_wiki_wine" VALUES(349,349,19,0,'australia','2022','traviarti beechworth, vic',NULL,NULL,NULL,200,'2022 traviarti beechworth, vic 200','traviarti',NULL,NULL,'vic','beechworth',NULL,NULL,NULL,NULL,NULL,NULL,NULL,NULL,NULL,NULL,NULL,0,'2025-07-25 05:30:44.223234','red wine','nebbiolo');
INSERT INTO "wine_wiki_wine" VALUES(350,350,19,1,'australia','2023','jasper hill heathcote, vic',NULL,'georgia’s paddock',NULL,195,'2023 jasper hill ‘georgia’s paddock’ heathcote, vic 195','jasper hill',NULL,NULL,'vic','heathcote',NULL,NULL,NULL,NULL,NULL,NULL,NULL,NULL,NULL,NULL,NULL,0,'2025-07-25 05:30:44.224827','red wine','nebbiolo');
INSERT INTO "wine_wiki_wine" VALUES(351,351,19,2,'australia','2020','lethbridge pyrenees, vic',NULL,'il regalo di compleanno',NULL,150,'2020 lethbridge ‘ il regalo di compleanno’ pyrenees, vic 150','lethbridge',NULL,NULL,'vic','pyrenees',NULL,NULL,NULL,NULL,NULL,NULL,NULL,NULL,NULL,NULL,NULL,0,'2025-07-25 05:30:44.226575','red wine','nebbiolo');
INSERT INTO "wine_wiki_wine" VALUES(352,352,19,3,'australia','2022','thick as thieves yarra valley, vic',NULL,'pocco rosso',NULL,95,'2022 thick as thieves ‘pocco rosso’ yarra valley, vic 95','thick as thieves',NULL,NULL,'vic','yarra valley',NULL,NULL,NULL,NULL,NULL,NULL,NULL,NULL,NULL,NULL,NULL,0,'2025-07-25 05:30:44.228170','red wine','nebbiolo');
INSERT INTO "wine_wiki_wine" VALUES(353,353,19,4,'italy','2020','cascina delle rose barbaresco, piemonte',NULL,'rio sordo',NULL,440,'2020 cascina delle rose ‘ rio sordo ’ barbaresco, piemonte 440','cascina delle rose',NULL,NULL,NULL,'piemonte','barbaresco',NULL,NULL,NULL,NULL,NULL,NULL,NULL,NULL,NULL,NULL,0,'2025-07-25 05:30:44.229920','red wine','nebbiolo');
INSERT INTO "wine_wiki_wine" VALUES(354,354,19,5,'italy','2020','ceretto barbaresco, piemonte',NULL,NULL,NULL,410,'2020 ceretto barbaresco, piemonte 410','ceretto',NULL,NULL,NULL,'piemonte','barbaresco',NULL,NULL,NULL,NULL,NULL,NULL,NULL,NULL,NULL,NULL,0,'2025-07-25 05:30:44.232428','red wine','nebbiolo');
INSERT INTO "wine_wiki_wine" VALUES(355,355,19,6,'italy','2020','gaja barbaresco, piemonte',NULL,NULL,NULL,1300,'2020 gaja barbaresco, piemonte 1,300','gaja',NULL,NULL,NULL,'piemonte','barbaresco',NULL,NULL,NULL,NULL,NULL,NULL,NULL,NULL,NULL,NULL,0,'2025-07-25 05:30:44.235515','red wine','nebbiolo');
INSERT INTO "wine_wiki_wine" VALUES(356,356,19,7,'italy','2016','la spinetta barbaresco, piemonte',NULL,'gallina',NULL,772,'2016 la spinetta ‘gallina’ barbaresco, piemonte 772','la spinetta',NULL,NULL,NULL,'piemonte','barbaresco',NULL,NULL,NULL,NULL,NULL,NULL,NULL,NULL,NULL,NULL,0,'2025-07-25 05:30:44.237830','red wine','nebbiolo');
INSERT INTO "wine_wiki_wine" VALUES(357,357,19,8,'italy','2021','massolino barbaresco, piemonte',NULL,NULL,NULL,320,'2021 massolino barbaresco, piemonte 320','massolino',NULL,NULL,NULL,'piemonte','barbaresco',NULL,NULL,NULL,NULL,NULL,NULL,NULL,NULL,NULL,NULL,0,'2025-07-25 05:30:44.240064','red wine','nebbiolo');
INSERT INTO "wine_wiki_wine" VALUES(358,358,19,9,'italy','2019','gaja barolo, piemonte',NULL,'dagro mis',NULL,720,'2019 gaja ‘dagro mis ’ barolo, piemonte 720','gaja',NULL,NULL,NULL,'piemonte','barolo',NULL,NULL,NULL,NULL,NULL,NULL,NULL,NULL,NULL,NULL,0,'2025-07-25 05:30:44.242368','red wine','nebbiolo');
INSERT INTO "wine_wiki_wine" VALUES(359,359,19,10,'italy','2020','giacomo conterno barolo, piemonte',NULL,'vigna francia',NULL,1350,'2020 giacomo conterno ‘vigna francia’ barolo, piemonte 1,350','giacomo conterno',NULL,NULL,NULL,'piemonte','barolo',NULL,NULL,NULL,NULL,NULL,NULL,NULL,NULL,NULL,NULL,0,'2025-07-25 05:30:44.245091','red wine','nebbiolo');
INSERT INTO "wine_wiki_wine" VALUES(360,360,19,11,'italy','2020','giulia negri barolo, piemonte',NULL,'serradenari',NULL,385,'2020 giulia negri ‘ serradenari ’ barolo, piemonte 385','giulia negri',NULL,NULL,NULL,'piemonte','barolo',NULL,NULL,NULL,NULL,NULL,NULL,NULL,NULL,NULL,NULL,0,'2025-07-25 05:30:44.247724','red wine','nebbiolo');
INSERT INTO "wine_wiki_wine" VALUES(361,361,19,12,'italy','2020','luigi pira barolo, piemonte',NULL,'serralunga d ’alba',NULL,330,'2020 luigi pira ‘serralunga d ’alba’ barolo, piemonte 330','luigi pira',NULL,NULL,NULL,'piemonte','barolo',NULL,NULL,NULL,NULL,NULL,NULL,NULL,NULL,NULL,NULL,0,'2025-07-25 05:30:44.251610','red wine','nebbiolo');
INSERT INTO "wine_wiki_wine" VALUES(362,362,19,13,'italy','2018','mascarello barolo, piemonte',NULL,'monprivato',NULL,1450,'2018 mascarello ‘monprivato’ barolo, piemonte 1,450','mascarello',NULL,NULL,NULL,'piemonte','barolo',NULL,NULL,NULL,NULL,NULL,NULL,NULL,NULL,NULL,NULL,0,'2025-07-25 05:30:44.266854','red wine','nebbiolo');
INSERT INTO "wine_wiki_wine" VALUES(363,363,19,14,'italy','2017','paolo scavino barolo, piemonte 1.5l',NULL,'cannubi',NULL,1300,'2017 paolo scavino ‘cannubi’ barolo, piemonte 1.5l 1,300','paolo scavino',NULL,NULL,NULL,'piemonte','barolo',NULL,NULL,NULL,NULL,NULL,NULL,'1.5l',NULL,NULL,NULL,0,'2025-07-25 05:30:44.269432','red wine','nebbiolo');
INSERT INTO "wine_wiki_wine" VALUES(364,364,19,15,'italy','2016','sandrone barolo, piemonte',NULL,'vite talin',NULL,1700,'2016 sandrone ‘vite talin’ barolo, piemonte 1,700','sandrone',NULL,NULL,NULL,'piemonte','barolo',NULL,NULL,NULL,NULL,NULL,NULL,NULL,NULL,NULL,NULL,0,'2025-07-25 05:30:44.271877','red wine','nebbiolo');
INSERT INTO "wine_wiki_wine" VALUES(365,365,19,16,'italy','2018','sandrone barolo, piemonte',NULL,'le vigne',NULL,515,'2018 sandrone ‘le vigne’ barolo, piemonte 515','sandrone',NULL,NULL,NULL,'piemonte','barolo',NULL,NULL,NULL,NULL,NULL,NULL,NULL,NULL,NULL,NULL,0,'2025-07-25 05:30:44.273749','red wine','nebbiolo');
INSERT INTO "wine_wiki_wine" VALUES(366,366,19,17,'italy','2017','sandrone barolo, piemonte',NULL,'aleste',NULL,558,'2017 sandrone ‘aleste’ barolo, piemonte 558','sandrone',NULL,NULL,NULL,'piemonte','barolo',NULL,NULL,NULL,NULL,NULL,NULL,NULL,NULL,NULL,NULL,0,'2025-07-25 05:30:44.276069','red wine','nebbiolo');
INSERT INTO "wine_wiki_wine" VALUES(367,367,19,18,'italy','2022','cascina delle rose langhe, piemonte',NULL,NULL,NULL,200,'2022 cascina delle rose langhe, piemonte 200','cascina delle rose',NULL,NULL,NULL,'piemonte','langhe',NULL,NULL,NULL,NULL,NULL,NULL,NULL,NULL,NULL,NULL,0,'2025-07-25 05:30:44.278674','red wine','nebbiolo');
INSERT INTO "wine_wiki_wine" VALUES(368,368,19,19,'italy','2022','cascina delle rose langhe, piemonte 1.5l',NULL,NULL,NULL,425,'2022 cascina delle rose langhe, piemonte 1.5l 425','cascina delle rose',NULL,NULL,NULL,'piemonte','langhe',NULL,NULL,NULL,NULL,NULL,NULL,'1.5l',NULL,NULL,NULL,0,'2025-07-25 05:30:44.280672','red wine','nebbiolo');
INSERT INTO "wine_wiki_wine" VALUES(369,369,19,20,'italy','2022','sottimano langhe, piemonte',NULL,NULL,NULL,185,'2022 sottimano langhe, piemonte 185','sottimano',NULL,NULL,NULL,'piemonte','langhe',NULL,NULL,NULL,NULL,NULL,NULL,NULL,NULL,NULL,NULL,0,'2025-07-25 05:30:44.282995','red wine','nebbiolo');
INSERT INTO "wine_wiki_wine" VALUES(370,370,20,0,'australia','2023','renzaglia bathurst, nsw',NULL,NULL,NULL,100,'2023 renzaglia bathurst, nsw 100',NULL,NULL,NULL,'nsw','bathurst',NULL,NULL,NULL,NULL,NULL,NULL,NULL,NULL,NULL,NULL,NULL,0,'2025-07-25 05:30:44.285188','red wine','sangiovese');
INSERT INTO "wine_wiki_wine" VALUES(371,371,20,1,'australia','2022','garden of earthly delights heathcote, vic',NULL,NULL,NULL,110,'2022 garden of earthly delights heathcote, vic 110','garden of earthly delights',NULL,NULL,'vic','heathcote',NULL,NULL,NULL,NULL,NULL,NULL,NULL,NULL,NULL,NULL,NULL,0,'2025-07-25 05:30:44.287781','red wine','sangiovese');
INSERT INTO "wine_wiki_wine" VALUES(372,372,20,2,'australia','2019','vinea marson heathcote, vic',NULL,NULL,NULL,95,'2019 vinea marson heathcote, vic 95','vinea marson',NULL,NULL,'vic','heathcote',NULL,NULL,NULL,NULL,NULL,NULL,NULL,NULL,NULL,NULL,NULL,0,'2025-07-25 05:30:44.290339','red wine','sangiovese');
INSERT INTO "wine_wiki_wine" VALUES(373,373,20,3,'australia','2023','dal zotto king valley, vic',NULL,NULL,NULL,70,'2023 dal zotto king valley, vic 70','dal zotto',NULL,NULL,'vic','king valley',NULL,NULL,NULL,NULL,NULL,NULL,NULL,NULL,NULL,NULL,NULL,0,'2025-07-25 05:30:44.292797','red wine','sangiovese');
INSERT INTO "wine_wiki_wine" VALUES(374,374,20,4,'australia','2024','timo mayer yarra valley, vic',NULL,NULL,NULL,165,'2024 timo mayer yarra valley, vic 165','timo mayer',NULL,NULL,'vic','yarra valley',NULL,NULL,NULL,NULL,NULL,NULL,NULL,NULL,NULL,NULL,NULL,0,'2025-07-25 05:30:44.295138','red wine','sangiovese');
INSERT INTO "wine_wiki_wine" VALUES(375,375,20,5,'australia','2024','the other wine co adelaide hills, sa',NULL,NULL,NULL,75,'2024 the other wine co adelaide hills, sa 75','the other wine co',NULL,NULL,'sa','adelaide hills',NULL,NULL,NULL,NULL,NULL,NULL,NULL,NULL,NULL,NULL,NULL,0,'2025-07-25 05:30:44.297643','red wine','sangiovese');
INSERT INTO "wine_wiki_wine" VALUES(376,376,20,6,'italy','2020','il marroneto brunello di montalcino, toscana',NULL,NULL,NULL,800,'2020 il marroneto brunello di montalcino, toscana 800','il marroneto',NULL,NULL,NULL,'toscana',NULL,NULL,NULL,NULL,NULL,NULL,'brunello di montalcino',NULL,NULL,NULL,NULL,0,'2025-07-25 05:30:44.301435','red wine','sangiovese');
INSERT INTO "wine_wiki_wine" VALUES(377,377,20,7,'italy','2017','pian dell’orino brunello di montalcino ‘riserva’, t oscana',NULL,NULL,NULL,1165,'2017 pian dell’orino brunello di montalcino ‘riserva’, t oscana 1,165','pian dell’orino',NULL,NULL,NULL,'toscana',NULL,NULL,NULL,NULL,NULL,NULL,'brunello di montalcino riserva',NULL,NULL,NULL,NULL,0,'2025-07-25 05:30:44.303977','red wine','sangiovese');
INSERT INTO "wine_wiki_wine" VALUES(378,378,20,8,'italy','2019','uccelliera brunello di montalcino, toscana',NULL,NULL,NULL,540,'2019 uccelliera brunello di montalcino, toscana 540','uccelliera',NULL,NULL,NULL,'toscana',NULL,NULL,NULL,NULL,NULL,NULL,'brunello di montalcino',NULL,NULL,NULL,NULL,0,'2025-07-25 05:30:44.306111','red wine','sangiovese');
INSERT INTO "wine_wiki_wine" VALUES(379,379,20,9,'italy','2015','isole e olena chianti classico, toscana 1.5l',NULL,'gran selezione',NULL,1620,'2015 isole e olena ‘gran selezione’ chianti classico, toscana 1.5l 1,620','isole e olena',NULL,NULL,NULL,'toscana',NULL,NULL,NULL,NULL,NULL,NULL,'chianti classico','1.5l',NULL,NULL,NULL,0,'2025-07-25 05:30:44.308881','red wine','sangiovese');
INSERT INTO "wine_wiki_wine" VALUES(380,380,20,10,'italy','2022','le corti chianti classico, toscana',NULL,NULL,NULL,95,'2022 le corti chianti classico, toscana 95','le corti',NULL,NULL,NULL,'toscana',NULL,NULL,NULL,NULL,NULL,NULL,'chianti classico',NULL,NULL,NULL,NULL,0,'2025-07-25 05:30:44.317208','red wine','sangiovese');
INSERT INTO "wine_wiki_wine" VALUES(381,381,20,11,'italy','2020','il marroneto rosso di montalcino, toscana',NULL,'jacopo',NULL,480,'2020 il marroneto ‘jacopo’ rosso di montalcino, toscana 480','il marroneto',NULL,NULL,NULL,'toscana',NULL,NULL,NULL,NULL,NULL,NULL,'rosso di montalcino',NULL,NULL,NULL,NULL,0,'2025-07-25 05:30:44.320059','red wine','sangiovese');
INSERT INTO "wine_wiki_wine" VALUES(382,382,20,12,'italy','2021','le ragnaie rosso di montalcino, toscana',NULL,NULL,NULL,220,'2021 le ragnaie rosso di montalcino, toscana 220','le ragnaie',NULL,NULL,NULL,'toscana',NULL,NULL,NULL,NULL,NULL,NULL,'rosso di montalcino',NULL,NULL,NULL,NULL,0,'2025-07-25 05:30:44.322568','red wine','sangiovese');
INSERT INTO "wine_wiki_wine" VALUES(383,383,20,13,'italy','2022','il poggione toscana rosso',NULL,NULL,NULL,95,'2022 il poggione toscana rosso 95','il poggione',NULL,NULL,NULL,'toscana',NULL,NULL,NULL,NULL,NULL,NULL,'toscana rosso',NULL,NULL,NULL,NULL,0,'2025-07-25 05:30:44.324589','red wine','sangiovese');
INSERT INTO "wine_wiki_wine" VALUES(384,384,20,14,'australia','2023','sinapius pipers river, tas',NULL,'esm é',NULL,105,'2023 sinapius ‘esm é ’ pipers river, tas 105','sinapius',NULL,NULL,'tasmania','pipers river',NULL,NULL,NULL,NULL,NULL,NULL,NULL,NULL,NULL,NULL,NULL,0,'2025-07-25 05:30:44.326475','red wine','gamay');
INSERT INTO "wine_wiki_wine" VALUES(385,385,20,15,'australia','2024','empire of dirt geelong, vic',NULL,'ink',NULL,120,'2024 empire of dirt ‘ink’ geelong, vic 120','empire of dirt',NULL,NULL,'vic','geelong',NULL,NULL,NULL,NULL,NULL,NULL,NULL,NULL,NULL,NULL,NULL,0,'2025-07-25 05:30:44.329257','red wine','gamay');
INSERT INTO "wine_wiki_wine" VALUES(386,386,20,16,'australia','2024','farr rising geelong, vic',NULL,NULL,NULL,165,'2024 farr rising geelong, vic 165','farr rising',NULL,NULL,'vic','geelong',NULL,NULL,NULL,NULL,NULL,NULL,NULL,NULL,NULL,NULL,NULL,0,'2025-07-25 05:30:44.333081','red wine','gamay');
INSERT INTO "wine_wiki_wine" VALUES(387,387,20,17,'france','2023','mee godard beaujolais',NULL,NULL,NULL,185,'2023 mee godard beaujolais 185','mee godard',NULL,NULL,NULL,NULL,'beaujolais',NULL,NULL,NULL,NULL,NULL,NULL,NULL,NULL,NULL,NULL,0,'2025-07-25 05:30:44.335726','red wine','gamay');
INSERT INTO "wine_wiki_wine" VALUES(388,388,20,18,'france','2020','louis boillot moulin-à-vent',NULL,NULL,NULL,190,'2020 louis boillot moulin-à-vent 190','louis boillot',NULL,NULL,NULL,NULL,NULL,'moulin-à-vent',NULL,NULL,NULL,NULL,NULL,NULL,NULL,NULL,NULL,0,'2025-07-25 05:30:44.338610','red wine','gamay');
INSERT INTO "wine_wiki_wine" VALUES(389,389,20,19,'france','2021','camille mélinand fleurie, beaujolais',NULL,NULL,NULL,160,'2021 camille mélinand fleurie, beaujolais 160','camille mélinand',NULL,NULL,NULL,NULL,'beaujolais','fleurie',NULL,NULL,NULL,NULL,NULL,NULL,NULL,NULL,NULL,0,'2025-07-25 05:30:44.341288','red wine','gamay');
INSERT INTO "wine_wiki_wine" VALUES(390,390,20,20,'france','2022','domaine de la grand ’ cour fleurie, beaujolais',NULL,'vv le clos',NULL,355,'2022 domaine de la grand ’ cour ‘ vv le clos ’ fleurie, beaujolais 355','domaine de la grand’cour',NULL,NULL,NULL,NULL,'beaujolais','fleurie',NULL,NULL,NULL,NULL,NULL,NULL,NULL,NULL,NULL,0,'2025-07-25 05:30:44.344421','red wine','gamay');
INSERT INTO "wine_wiki_wine" VALUES(391,391,20,21,'france','2023','thé venet régnié, beaujolais',NULL,'en voiture simone',NULL,160,'2023 thé venet ‘en voiture simone’ régnié, beaujolais 160','thévenet',NULL,NULL,NULL,NULL,'beaujolais','régnié',NULL,NULL,NULL,NULL,NULL,NULL,NULL,NULL,NULL,0,'2025-07-25 05:30:44.347921','red wine','gamay');
INSERT INTO "wine_wiki_wine" VALUES(392,392,21,0,'everywhere and anywhere','2019','aglianico, chalmers heathcote, vic',NULL,NULL,NULL,115,'2019 aglianico, chalmers heathcote, vic 115','chalmers',NULL,NULL,'vic','heathcote',NULL,NULL,NULL,NULL,'aglianico',NULL,NULL,NULL,NULL,NULL,NULL,0,'2025-07-25 05:30:44.372432','red wine','red varietals');
INSERT INTO "wine_wiki_wine" VALUES(393,393,21,1,'everywhere and anywhere','2024','barbera, breaking ground hunter valley, nsw',NULL,NULL,NULL,80,'2024 barbera, breaking ground hunter valley, nsw 80','breaking ground',NULL,NULL,'nsw','hunter valley',NULL,NULL,NULL,NULL,'barbera',NULL,NULL,NULL,NULL,NULL,NULL,0,'2025-07-25 05:30:44.376588','red wine','red varietals');
INSERT INTO "wine_wiki_wine" VALUES(394,394,21,2,'everywhere and anywhere','2022','barbera, vinea marson heathcote, vic',NULL,NULL,NULL,95,'2022 barbera, vinea marson heathcote, vic 95','vinea marson',NULL,NULL,'vic','heathcote',NULL,NULL,NULL,NULL,'barbera',NULL,NULL,NULL,NULL,NULL,NULL,0,'2025-07-25 05:30:44.380347','red wine','red varietals');
INSERT INTO "wine_wiki_wine" VALUES(395,395,21,3,'everywhere and anywhere','2022','barbera, giacomo conterno alba, piemonte, it',NULL,'francia’ barbera d',NULL,480,'2022 barbera, giacomo conterno ‘francia’ barbera d ’ alba, piemonte, it 480','giacomo conterno',NULL,'it',NULL,'piemonte','alba',NULL,NULL,NULL,'barbera',NULL,NULL,NULL,NULL,NULL,NULL,0,'2025-07-25 05:30:44.384168','red wine','red varietals');
INSERT INTO "wine_wiki_wine" VALUES(396,396,21,4,'everywhere and anywhere','2023','cinsault/grenache, les fruits adelaide hills, sa',NULL,NULL,NULL,95,'2023 cinsault/grenache, les fruits adelaide hills, sa 95','les fruits',NULL,NULL,'sa','adelaide hills',NULL,NULL,NULL,NULL,'cinsault/grenache',NULL,NULL,NULL,NULL,NULL,NULL,0,'2025-07-25 05:30:44.388384','red wine','red varietals');
INSERT INTO "wine_wiki_wine" VALUES(397,397,21,5,'everywhere and anywhere','2017','cinsault, naudé darling, western cape, south africa',NULL,'old vine werfdans',NULL,190,'2017 cinsault, naudé ‘old vine werfdans’ darling, western cape, south africa 190','naudé',NULL,'south africa',NULL,'western cape','darling',NULL,NULL,NULL,'cinsault',NULL,NULL,NULL,NULL,NULL,NULL,0,'2025-07-25 05:30:44.392612','red wine','red varietals');
INSERT INTO "wine_wiki_wine" VALUES(398,398,21,6,'everywhere and anywhere','2015','corvina blend, quintarelli valpolicella superiore, veneto, it',NULL,NULL,NULL,585,'2015 corvina blend, quintarelli valpolicella superiore, veneto, it 585','quintarelli',NULL,'it',NULL,'veneto',NULL,NULL,NULL,NULL,'corvina blend',NULL,'valpolicella superiore',NULL,NULL,NULL,NULL,0,'2025-07-25 05:30:44.397098','red wine','red varietals');
INSERT INTO "wine_wiki_wine" VALUES(399,399,21,7,'everywhere and anywhere','2015','corvina blend, quintarelli veneto, it',NULL,'ca’ del merlo',NULL,585,'2015 corvina blend, quintarelli ‘ca’ del merlo’ veneto, it 585','quintarelli',NULL,'it',NULL,'veneto',NULL,NULL,NULL,NULL,'corvina blend',NULL,NULL,NULL,NULL,NULL,NULL,0,'2025-07-25 05:30:44.402725','red wine','red varietals');
INSERT INTO "wine_wiki_wine" VALUES(400,400,21,8,'everywhere and anywhere','2015','corvina blend, quintarelli amarone della valpolicella, veneto, it',NULL,NULL,NULL,1500,'2015 corvina blend, quintarelli amarone della valpolicella, veneto, it 1,500','quintarelli',NULL,'it',NULL,'veneto',NULL,NULL,NULL,NULL,'corvina blend',NULL,'amarone della valpolicella',NULL,NULL,NULL,NULL,0,'2025-07-25 05:30:44.406801','red wine','red varietals');
INSERT INTO "wine_wiki_wine" VALUES(401,401,21,9,'everywhere and anywhere','2022','dolcetto, cascina delle rose dolcetto d’alba, it',NULL,NULL,NULL,120,'2022 dolcetto, cascina delle rose dolcetto d’alba, it 120','cascina delle rose',NULL,'it',NULL,NULL,'alba',NULL,NULL,NULL,'dolcetto',NULL,'dolcetto d''alba',NULL,NULL,NULL,NULL,0,'2025-07-25 05:30:44.412970','red wine','red varietals');
INSERT INTO "wine_wiki_wine" VALUES(402,402,21,10,'everywhere and anywhere','2022','malb ec blend, bacchus margaret river, wa',NULL,'family wine',NULL,160,'2022 malb ec blend, bacchus ‘family wine’ margaret river, wa 160','bacchus',NULL,NULL,'wa','margaret river',NULL,NULL,NULL,NULL,'malbec blend',NULL,NULL,NULL,NULL,NULL,NULL,0,'2025-07-25 05:30:44.416209','red wine','red varietals');
INSERT INTO "wine_wiki_wine" VALUES(403,403,21,11,'everywhere and anywhere','2021','malbec blend, mchenry hohnen margaret river, wa',NULL,NULL,NULL,125,'2021 malbec blend, mchenry hohnen margaret river, wa 125','mchenry hohnen',NULL,NULL,'wa','margaret river',NULL,NULL,NULL,NULL,'malbec blend',NULL,NULL,NULL,NULL,NULL,NULL,0,'2025-07-25 05:30:44.418887','red wine','red varietals');
INSERT INTO "wine_wiki_wine" VALUES(404,404,21,12,'everywhere and anywhere','2021','mencia, swinney frankland river, wa',NULL,NULL,NULL,108,'2021 mencia, swinney frankland river, wa 108','swinney',NULL,NULL,'wa',NULL,'frankland river',NULL,NULL,NULL,'mencia',NULL,NULL,NULL,NULL,NULL,NULL,0,'2025-07-25 05:30:44.421939','red wine','red varietals');
INSERT INTO "wine_wiki_wine" VALUES(405,405,21,13,'everywhere and anywhere','2022','mondeuse, mount majura canberra district, nsw',NULL,NULL,NULL,85,'2022 mondeuse, mount majura canberra district, nsw 85','mount majura',NULL,NULL,'nsw','canberra district',NULL,NULL,NULL,NULL,'mondeuse',NULL,NULL,NULL,NULL,NULL,NULL,0,'2025-07-25 05:30:44.424667','red wine','red varietals');
INSERT INTO "wine_wiki_wine" VALUES(406,406,21,14,'everywhere and anywhere','2021','mourvèdre, hewitson , barossa valley, sa',NULL,'old garden vineyard',NULL,240,'2021 mourvèdre, hewitson ‘old garden vineyard’ , barossa valley, sa 240','hewitson',NULL,NULL,'sa','barossa valley',NULL,NULL,NULL,NULL,'mourvèdre',NULL,NULL,NULL,NULL,NULL,NULL,0,'2025-07-25 05:30:44.427345','red wine','red varietals');
INSERT INTO "wine_wiki_wine" VALUES(407,407,21,15,'everywhere and anywhere','2022','mourvèdre blend, tim smith barossa valley, sa',NULL,NULL,NULL,90,'2022 mourvèdre blend, tim smith barossa valley, sa 90','tim smith',NULL,NULL,'sa','barossa valley',NULL,NULL,NULL,NULL,'mourvèdre blend',NULL,NULL,NULL,NULL,NULL,NULL,0,'2025-07-25 05:30:44.429999','red wine','red varietals');
INSERT INTO "wine_wiki_wine" VALUES(408,408,21,16,'everywhere and anywhere','2023','mourvèdre, swinney frankland river, wa',NULL,NULL,NULL,115,'2023 mourvèdre, swinney frankland river, wa 115','swinney',NULL,NULL,'wa',NULL,'frankland river',NULL,NULL,NULL,'mourvèdre',NULL,NULL,NULL,NULL,NULL,NULL,0,'2025-07-25 05:30:44.432678','red wine','red varietals');
INSERT INTO "wine_wiki_wine" VALUES(409,409,21,17,'everywhere and anywhere','2023','mourvè dre, swinney frankland river, wa',NULL,'farvie',NULL,350,'2023 mourvè dre, swinney ‘farvie’ frankland river, wa 350','swinney',NULL,NULL,'wa',NULL,'frankland river',NULL,NULL,NULL,'mourvèdre',NULL,NULL,NULL,NULL,NULL,NULL,0,'2025-07-25 05:30:44.436524','red wine','red varietals');
INSERT INTO "wine_wiki_wine" VALUES(410,410,21,18,'everywhere and anywhere','2015','mourvèdre, yangarra mclaren vale, sa',NULL,NULL,NULL,125,'2015 mourvèdre, yangarra mclaren vale, sa 125','yangarra',NULL,NULL,'sa','mclaren vale',NULL,NULL,NULL,NULL,'mourvèdre',NULL,NULL,NULL,NULL,NULL,NULL,0,'2025-07-25 05:30:44.439848','red wine','red varietals');
INSERT INTO "wine_wiki_wine" VALUES(411,411,21,19,'everywhere and anywhere','2022','nerello mascalese, tenuta terre nere etna, sicily, it',NULL,'bellacolona',NULL,270,'2022 nerello mascalese, tenuta terre nere ‘bellacolona’ etna, sicily, it 270','tenuta terre nere',NULL,'it',NULL,'sicily','etna',NULL,NULL,NULL,'nerello mascalese',NULL,NULL,NULL,NULL,NULL,NULL,0,'2025-07-25 05:30:44.443159','red wine','red varietals');
INSERT INTO "wine_wiki_wine" VALUES(412,412,21,20,'everywhere and anywhere','2022','ne rello mascalese, tenuta terre nere ‘san lorenzo’, etna, sicily , it',NULL,NULL,NULL,460,'2022 ne rello mascalese, tenuta terre nere ‘san lorenzo’, etna, sicily , it 460','tenuta terre nere',NULL,'it',NULL,'sicily','etna',NULL,'san lorenzo',NULL,'nerello mascalese',NULL,NULL,NULL,NULL,NULL,NULL,0,'2025-07-25 05:30:44.448256','red wine','red varietals');
INSERT INTO "wine_wiki_wine" VALUES(413,413,21,21,'everywhere and anywhere','2022','nero d’avola bl end, eldorado road beechworth, vic',NULL,NULL,NULL,85,'2022 nero d’avola bl end, eldorado road beechworth, vic 85','eldorado road',NULL,NULL,'vic','beechworth',NULL,NULL,NULL,NULL,'nero d’avola blend',NULL,NULL,NULL,NULL,NULL,NULL,0,'2025-07-25 05:30:44.452713','red wine','red varietals');
INSERT INTO "wine_wiki_wine" VALUES(414,414,21,22,'everywhere and anywhere','2013','cullen margaret river, wa',NULL,'mangan east block',NULL,325,'2013 cullen ‘mangan east block’ margaret river, wa 325','cullen',NULL,NULL,'wa','margaret river',NULL,NULL,NULL,NULL,NULL,NULL,NULL,NULL,NULL,NULL,NULL,0,'2025-07-25 05:30:44.455471','red wine','red varietals');
INSERT INTO "wine_wiki_wine" VALUES(415,415,21,23,'everywhere and anywhere','2020','pinot meunier, best’s great western, vic',NULL,'old vine',NULL,285,'2020 pinot meunier, best’s ‘old vine’ great western, vic 285','best’s',NULL,NULL,'vic','great western',NULL,NULL,NULL,NULL,'pinot meunier',NULL,NULL,NULL,NULL,NULL,NULL,0,'2025-07-25 05:30:44.458579','red wine','red varietals');
INSERT INTO "wine_wiki_wine" VALUES(416,416,21,24,'everywhere and anywhere','2017','sagrantino, sassafras canberra district, nsw',NULL,NULL,NULL,85,'2017 sagrantino, sassafras canberra district, nsw 85','sassafras',NULL,NULL,'nsw','canberra district',NULL,NULL,NULL,NULL,'sagrantino',NULL,NULL,NULL,NULL,NULL,NULL,0,'2025-07-25 05:30:44.461413','red wine','red varietals');
INSERT INTO "wine_wiki_wine" VALUES(417,417,21,25,'everywhere and anywhere','2021','xin omavro, thymiopoulos naoussa, macedonia, gr',NULL,'alta',NULL,115,'2021 xin omavro, thymiopoulos ‘alta’ naoussa, macedonia, gr 115','thymiopoulos',NULL,'gr','macedonia',NULL,NULL,'naoussa',NULL,NULL,'xinomavro',NULL,NULL,NULL,NULL,NULL,NULL,0,'2025-07-25 05:30:44.464198','red wine','red varietals');
INSERT INTO "wine_wiki_wine" VALUES(418,418,22,0,'australia','2021','matthew atallah orange, nsw',NULL,'block 1',NULL,135,'2021 matthew atallah ‘block 1’ orange, nsw 135','matthew atallah',NULL,NULL,'nsw','orange',NULL,NULL,NULL,NULL,NULL,NULL,NULL,NULL,NULL,NULL,NULL,0,'2025-07-25 05:30:44.466864','red wine','cabernet franc');
INSERT INTO "wine_wiki_wine" VALUES(419,419,22,1,'australia','2019','wantirna estate yarra valley, vic',NULL,'hannah',NULL,400,'2019 wantirna estate ‘hannah’ yarra valley, vic 400','wantirna estate',NULL,NULL,'vic','yarra valley',NULL,NULL,NULL,NULL,NULL,NULL,NULL,NULL,NULL,NULL,NULL,0,'2025-07-25 05:30:44.469458','red wine','cabernet franc');
INSERT INTO "wine_wiki_wine" VALUES(420,420,22,2,'australia','2020','wantirna estate yarra valley, vic',NULL,'hannah',NULL,390,'2020 wantirna estate ‘hannah’ yarra valley, vic 390','wantirna estate',NULL,NULL,'vic','yarra valley',NULL,NULL,NULL,NULL,NULL,NULL,NULL,NULL,NULL,NULL,NULL,0,'2025-07-25 05:30:44.472085','red wine','cabernet franc');
INSERT INTO "wine_wiki_wine" VALUES(421,421,22,3,'australia','2023','gertie clare valley. sa',NULL,'',NULL,85,'2023 gertie clare valley. sa 85','gertie',NULL,NULL,'sa','clare valley',NULL,NULL,NULL,NULL,NULL,NULL,NULL,NULL,NULL,NULL,'Bright, crunchy red berries (cranberry, strawberry, raspbery), rhubarb.

Subtle salinity/minerality, medium tannins, medium body, medium plus acidity.',1,'2025-07-25 05:30:44.475058','red wine','cabernet franc');
INSERT INTO "wine_wiki_wine" VALUES(422,422,22,4,'australia','2022','parley langhorne creek, sa',NULL,'fever',NULL,90,'2022 parley ‘fever’ langhorne creek, sa 90','parley',NULL,NULL,'sa','langhorne creek',NULL,NULL,NULL,NULL,NULL,NULL,NULL,NULL,NULL,NULL,NULL,0,'2025-07-25 05:30:44.478296','red wine','cabernet franc');
INSERT INTO "wine_wiki_wine" VALUES(423,423,22,5,'australia','2021','terre à terre wrattonbully, sa',NULL,'crayères vineyard',NULL,120,'2021 terre à terre ‘ crayères vineyard ’ wrattonbully, sa 120','terre à terre',NULL,NULL,'sa','wrattonbully',NULL,NULL,NULL,NULL,NULL,NULL,NULL,NULL,NULL,NULL,NULL,0,'2025-07-25 05:30:44.482071','red wine','cabernet franc');
INSERT INTO "wine_wiki_wine" VALUES(424,424,22,6,'australia','2014','terre à terre wrattonbully, sa',NULL,'crayères vineyard',NULL,160,'2014 terre à terre ‘ crayères vineyard ’ wrattonbully, sa 160','terre à terre',NULL,NULL,'sa','wrattonbully',NULL,NULL,NULL,NULL,NULL,NULL,NULL,NULL,NULL,NULL,NULL,0,'2025-07-25 05:30:44.484712','red wine','cabernet franc');
INSERT INTO "wine_wiki_wine" VALUES(425,425,22,7,'australia','2015','frankland estate frankland river, wa',NULL,'olmo’s reward',NULL,260,'2015 frankland estate ‘olmo’s reward’ frankland river, wa 260','frankland estate',NULL,NULL,'wa',NULL,'frankland river',NULL,NULL,NULL,NULL,NULL,NULL,NULL,NULL,NULL,NULL,0,'2025-07-25 05:30:44.488560','red wine','cabernet franc');
INSERT INTO "wine_wiki_wine" VALUES(426,426,22,8,'australia','2022','now margaret river, wa',NULL,NULL,NULL,190,'2022 now margaret river, wa 190','n.o.w.',NULL,NULL,'wa','margaret river',NULL,NULL,NULL,NULL,NULL,NULL,NULL,NULL,NULL,NULL,NULL,0,'2025-07-25 05:30:44.491207','red wine','cabernet franc');
INSERT INTO "wine_wiki_wine" VALUES(427,427,22,9,'france','2019','a rnaud lambert saumur, loire valley',NULL,'brézé, clos tue- loup',NULL,220,'2019 a rnaud lambert ‘ brézé, clos tue- loup’ saumur, loire valley 220','arnaud lambert',NULL,NULL,NULL,'loire valley','saumur',NULL,NULL,NULL,NULL,NULL,NULL,NULL,NULL,NULL,NULL,0,'2025-07-25 05:30:44.495511','red wine','cabernet franc');
INSERT INTO "wine_wiki_wine" VALUES(428,428,22,10,'france','2022','antoine sanzay saumur-champigny, loire valley',NULL,'la paterne',NULL,200,'2022 antoine sanzay ‘la paterne’ saumur-champigny, loire valley 200','antoine sanzay',NULL,NULL,NULL,'loire valley','saumur-champigny',NULL,NULL,NULL,NULL,NULL,NULL,NULL,NULL,NULL,NULL,0,'2025-07-25 05:30:44.498656','red wine','cabernet franc');
INSERT INTO "wine_wiki_wine" VALUES(429,429,22,11,'australia','2021','robert stein mudgee, nsw',NULL,'reserve',NULL,220,'2021 robert stein ‘reserve’ mudgee, nsw 220','robert stein',NULL,NULL,'nsw','mudgee',NULL,NULL,NULL,NULL,NULL,NULL,NULL,NULL,NULL,NULL,NULL,0,'2025-07-25 05:30:44.502885','red wine','cabernet sauvignon and blends');
INSERT INTO "wine_wiki_wine" VALUES(430,430,22,12,'australia','2019','bloodwood wines orange, nsw',NULL,NULL,NULL,135,'2019 bloodwood wines orange, nsw 135','bloodwood wines',NULL,NULL,'nsw','orange',NULL,NULL,NULL,NULL,NULL,NULL,NULL,NULL,NULL,NULL,NULL,0,'2025-07-25 05:30:44.507858','red wine','cabernet sauvignon and blends');
INSERT INTO "wine_wiki_wine" VALUES(431,431,22,13,'australia','2015','mount mary yarra valley, vic',NULL,'jwdm',NULL,1250,'2015 mount mary ‘jwdm’ yarra valley, vic 1,250','mount mary',NULL,NULL,'vic','yarra valley',NULL,NULL,NULL,NULL,NULL,NULL,NULL,NULL,NULL,NULL,NULL,0,'2025-07-25 05:30:44.511824','red wine','cabernet sauvignon and blends');
INSERT INTO "wine_wiki_wine" VALUES(432,432,22,14,'australia','2016','mount mary yarra valley, vic',NULL,'quintet',NULL,740,'2016 mount mary ‘quintet’ yarra valley, vic 740','mount mary',NULL,NULL,'vic','yarra valley',NULL,NULL,NULL,NULL,NULL,NULL,NULL,NULL,NULL,NULL,NULL,0,'2025-07-25 05:30:44.514916','red wine','cabernet sauvignon and blends');
INSERT INTO "wine_wiki_wine" VALUES(433,433,22,15,'australia','2021','mount mary yarra valley, vic',NULL,'quintet',NULL,540,'2021 mount mary ‘quintet’ yarra valley, vic 540','mount mary',NULL,NULL,'vic','yarra valley',NULL,NULL,NULL,NULL,NULL,NULL,NULL,NULL,NULL,NULL,NULL,0,'2025-07-25 05:30:44.518841','red wine','cabernet sauvignon and blends');
INSERT INTO "wine_wiki_wine" VALUES(434,434,22,16,'australia','2022','yarra yering yarra valley, vic',NULL,'agincourt blend',NULL,290,'2022 yarra yering ‘agincourt blend’ yarra valley, vic 290','yarra yering',NULL,NULL,'vic','yarra valley',NULL,NULL,NULL,NULL,NULL,NULL,NULL,NULL,NULL,NULL,NULL,0,'2025-07-25 05:30:44.522620','red wine','cabernet sauvignon and blends');
INSERT INTO "wine_wiki_wine" VALUES(435,435,22,17,'australia','2018','yarra yering yarra valley, vic',NULL,'agincourt blend',NULL,320,'2018 yarra yering ‘agincourt blend ’ yarra valley, vic 320','yarra yering',NULL,NULL,'vic','yarra valley',NULL,NULL,NULL,NULL,NULL,NULL,NULL,NULL,NULL,NULL,NULL,0,'2025-07-25 05:30:44.525233','red wine','cabernet sauvignon and blends');
INSERT INTO "wine_wiki_wine" VALUES(436,436,22,18,'australia','2022','yarra yering yarra valley, vic',NULL,'dry red no 1 blend',NULL,395,'2022 yarra yering ‘dry red no 1 blend’ yarra valley, vic 395','yarra yering',NULL,NULL,'vic','yarra valley',NULL,NULL,NULL,NULL,NULL,NULL,NULL,NULL,NULL,NULL,NULL,0,'2025-07-25 05:30:44.528002','red wine','cabernet sauvignon and blends');
INSERT INTO "wine_wiki_wine" VALUES(437,437,22,19,'australia','2022','yeringberg yarra valley, vic',NULL,NULL,NULL,280,'2022 yeringberg yarra valley, vic 280','yeringberg',NULL,NULL,'vic','yarra valley',NULL,NULL,NULL,NULL,NULL,NULL,NULL,NULL,NULL,NULL,NULL,0,'2025-07-25 05:30:44.530631','red wine','cabernet sauvignon and blends');
INSERT INTO "wine_wiki_wine" VALUES(438,438,22,20,'australia','2022','yeringberg yarra valley, vic',NULL,'yeringberg blend',NULL,280,'2022 yeringberg ‘yeringberg blend’ yarra valley, vic 280','yeringberg',NULL,NULL,'vic','yarra valley',NULL,NULL,NULL,NULL,NULL,NULL,NULL,NULL,NULL,NULL,NULL,0,'2025-07-25 05:30:44.533212','red wine','cabernet sauvignon and blends');
INSERT INTO "wine_wiki_wine" VALUES(439,439,22,21,'australia','2020','wantirna estate yarra valley, vic',NULL,'amelia',NULL,300,'2020 wantirna estate ‘amelia’ yarra valley, vic 300','wantirna estate',NULL,NULL,'vic','yarra valley',NULL,NULL,NULL,NULL,NULL,NULL,NULL,NULL,NULL,NULL,NULL,0,'2025-07-25 05:30:44.536357','red wine','cabernet sauvignon and blends');
INSERT INTO "wine_wiki_wine" VALUES(440,440,22,22,'australia','2023','joshua cooper macedon/pyrenees, vic',NULL,'cabernet b lend',NULL,150,'2023 joshua cooper ‘cabernet b lend’ macedon/pyrenees, vic 150','joshua cooper',NULL,NULL,'vic','macedon/pyrenees',NULL,NULL,NULL,NULL,NULL,NULL,NULL,NULL,NULL,NULL,NULL,0,'2025-07-25 05:30:44.540062','red wine','cabernet sauvignon and blends');
INSERT INTO "wine_wiki_wine" VALUES(441,441,22,23,'australia','2023','joshua cooper macedon ranges, vic',NULL,'dash farms',NULL,175,'2023 joshua cooper ‘dash farms’ macedon ranges, vic 175','joshua cooper',NULL,NULL,'vic','macedon ranges',NULL,NULL,NULL,NULL,NULL,NULL,NULL,NULL,NULL,NULL,NULL,0,'2025-07-25 05:30:44.542696','red wine','cabernet sauvignon and blends');
INSERT INTO "wine_wiki_wine" VALUES(442,442,22,24,'australia','2022','yalumba barossa, sa',NULL,'the signature',NULL,210,'2022 yalumba ‘the signature’ barossa, sa 210','yalumba',NULL,NULL,'sa','barossa',NULL,NULL,NULL,NULL,NULL,NULL,NULL,NULL,NULL,NULL,NULL,0,'2025-07-25 05:30:44.545359','red wine','cabernet sauvignon and blends');
INSERT INTO "wine_wiki_wine" VALUES(443,443,23,0,'australia','2023','gullyview estate clare valley, sa',NULL,'courtside',NULL,90,'2023 gullyview estate ‘courtside’ clare valley, sa 90','gullyview estate',NULL,NULL,'sa','clare valley',NULL,NULL,NULL,NULL,NULL,NULL,NULL,NULL,NULL,NULL,NULL,0,'2025-07-25 05:30:44.548068','red wine','cabernet sauvignon and blends');
INSERT INTO "wine_wiki_wine" VALUES(444,444,23,1,'australia','2021','henschke eden valley, sa',NULL,'cyril henschke',NULL,490,'2021 henschke ‘cyril henschke’ eden valley, sa 490','henschke',NULL,NULL,'sa','eden valley',NULL,NULL,NULL,NULL,NULL,NULL,NULL,NULL,NULL,NULL,NULL,0,'2025-07-25 05:30:44.550722','red wine','cabernet sauvignon and blends');
INSERT INTO "wine_wiki_wine" VALUES(445,445,23,2,'australia','2015','hickinbotham mclaren vale, sa',NULL,'the peake',NULL,448,'2015 hickinbotham ‘the peake’ mclaren vale, sa 448','hickinbotham',NULL,NULL,'sa','mclaren vale',NULL,NULL,NULL,NULL,NULL,NULL,NULL,NULL,NULL,NULL,'https://www.hickinbothamwines.com.au/aboutau',0,'2025-07-25 05:30:44.566704','red wine','cabernet sauvignon and blends');
INSERT INTO "wine_wiki_wine" VALUES(446,446,23,3,'australia','2016','hickinbotham mclaren vale, sa',NULL,'trueman',NULL,310,'2016 hickinbotham ‘trueman’ mclaren vale, sa 310','hickinbotham',NULL,NULL,'sa','mclaren vale',NULL,NULL,NULL,NULL,NULL,NULL,NULL,NULL,NULL,NULL,NULL,0,'2025-07-25 05:30:44.569034','red wine','cabernet sauvignon and blends');
INSERT INTO "wine_wiki_wine" VALUES(447,447,23,4,'australia','2014','terre à terre wrattonbully, sa',NULL,'crayères vineyard',NULL,180,'2014 terre à terre ‘crayères vineyard’ wrattonbully, sa 180','terre à terre',NULL,NULL,'sa','wrattonbully',NULL,NULL,NULL,NULL,NULL,NULL,NULL,NULL,NULL,NULL,NULL,0,'2025-07-25 05:30:44.589865','red wine','cabernet sauvignon and blends');
INSERT INTO "wine_wiki_wine" VALUES(448,448,23,5,'australia','2014','yalumba multi-regional, sa',NULL,'the caley',NULL,940,'2014 yalumba ‘the caley’ multi-regional, sa 940','yalumba',NULL,NULL,'sa','multi-regional',NULL,NULL,NULL,NULL,NULL,NULL,NULL,NULL,NULL,NULL,NULL,0,'2025-07-25 05:30:44.592065','red wine','cabernet sauvignon and blends');
INSERT INTO "wine_wiki_wine" VALUES(449,449,23,6,'australia','2020','ashbrook estate margaret river, wa',NULL,NULL,NULL,90,'2020 ashbrook estate margaret river, wa 90','ashbrook estate',NULL,NULL,'wa','margaret river',NULL,NULL,NULL,NULL,NULL,NULL,NULL,NULL,NULL,NULL,NULL,0,'2025-07-25 05:30:44.594523','red wine','cabernet sauvignon and blends');
INSERT INTO "wine_wiki_wine" VALUES(450,450,23,7,'australia','2021','cullen margaret river, wa',NULL,'diana madeline',NULL,460,'2021 cullen ‘diana madeline’ margaret river, wa 460','cullen',NULL,NULL,'wa','margaret river',NULL,NULL,NULL,NULL,NULL,NULL,NULL,NULL,NULL,NULL,NULL,0,'2025-07-25 05:30:44.596681','red wine','cabernet sauvignon and blends');
INSERT INTO "wine_wiki_wine" VALUES(451,451,23,8,'australia','2016','cullen margaret river, wa',NULL,'vanya',NULL,924,'2016 cullen ‘vanya’ margaret river, wa 924','cullen',NULL,NULL,'wa','margaret river',NULL,NULL,NULL,NULL,NULL,NULL,NULL,NULL,NULL,NULL,NULL,0,'2025-07-25 05:30:44.599349','red wine','cabernet sauvignon and blends');
INSERT INTO "wine_wiki_wine" VALUES(452,452,23,9,'australia','2017','cullen margaret river, wa',NULL,'vanya flower day',NULL,980,'2017 cullen ‘vanya flower day’ margaret river, wa 980','cullen',NULL,NULL,'wa','margaret river',NULL,NULL,NULL,NULL,NULL,NULL,NULL,NULL,NULL,NULL,NULL,0,'2025-07-25 05:30:44.601969','red wine','cabernet sauvignon and blends');
INSERT INTO "wine_wiki_wine" VALUES(453,453,23,10,'australia','2023','moss wood margaret river, wa',NULL,'amy’s',NULL,125,'2023 moss wood ‘amy’s’ margaret river, wa 125','moss wood',NULL,NULL,'wa','margaret river',NULL,NULL,NULL,NULL,NULL,NULL,NULL,NULL,NULL,NULL,NULL,0,'2025-07-25 05:30:44.604433','red wine','cabernet sauvignon and blends');
INSERT INTO "wine_wiki_wine" VALUES(454,454,23,11,'australia','2021','moss wood margaret river, wa',NULL,NULL,NULL,410,'2021 moss wood margaret river, wa 410','moss wood',NULL,NULL,'wa','margaret river',NULL,NULL,NULL,NULL,NULL,NULL,NULL,NULL,NULL,NULL,NULL,0,'2025-07-25 05:30:44.606650','red wine','cabernet sauvignon and blends');
INSERT INTO "wine_wiki_wine" VALUES(455,455,23,12,'france','2012','domaine de trévallon alpilles, les baux-de-provence',NULL,NULL,NULL,900,'2012 domaine de trévallon alpilles, les baux-de-provence 900','domaine de trévallon',NULL,NULL,NULL,'provence','les baux-de-provence',NULL,NULL,NULL,NULL,NULL,NULL,NULL,NULL,NULL,NULL,0,'2025-07-25 05:30:44.608815','red wine','cabernet sauvignon and blends');
INSERT INTO "wine_wiki_wine" VALUES(456,456,23,13,'france','2021','domaine de trévallon alpilles, les baux-de-provence',NULL,NULL,NULL,690,'2021 domaine de trévallon alpilles, les baux-de-provence 690','domaine de trévallon',NULL,NULL,NULL,'provence','les baux-de-provence',NULL,NULL,NULL,NULL,NULL,NULL,NULL,NULL,NULL,NULL,0,'2025-07-25 05:30:44.611171','red wine','cabernet sauvignon and blends');
INSERT INTO "wine_wiki_wine" VALUES(457,457,23,14,'france','2018','carruades de lafite pauillac, bordeaux',NULL,NULL,NULL,1320,'2018 carruades de lafite pauillac, bordeaux 1,320','carruades de lafite',NULL,NULL,NULL,'bordeaux','pauillac',NULL,NULL,NULL,NULL,NULL,NULL,NULL,NULL,NULL,NULL,0,'2025-07-25 05:30:44.613487','red wine','cabernet sauvignon and blends');
INSERT INTO "wine_wiki_wine" VALUES(458,458,23,15,'france','2018','le petit mouton de mouton rothschild pauillac, bordeaux',NULL,NULL,NULL,1400,'2018 le petit mouton de mouton rothschild pauillac, bordeaux 1,400','le petit mouton de mouton rothschild',NULL,NULL,NULL,'bordeaux','pauillac',NULL,NULL,NULL,NULL,NULL,NULL,NULL,NULL,NULL,NULL,0,'2025-07-25 05:30:44.615561','red wine','cabernet sauvignon and blends');
INSERT INTO "wine_wiki_wine" VALUES(459,459,23,16,'italy','2018','tenuta dell’ ornellaia bolgheri superiore, toscana 1.5l',NULL,NULL,NULL,2800,'2018 tenuta dell’ ornellaia bolgheri superiore, toscana 1.5l 2,800','tenuta dell’ornellaia',NULL,NULL,NULL,'toscana','bolgheri superiore',NULL,NULL,NULL,NULL,NULL,NULL,'1.5l',NULL,NULL,NULL,0,'2025-07-25 05:30:44.618284','red wine','cabernet sauvignon and blends');
INSERT INTO "wine_wiki_wine" VALUES(460,460,23,17,'italy','2014','quintarelli veneto, it',NULL,'alzero',NULL,1600,'2014 quintarelli ‘alzero’ veneto, it 1,600','quintarelli',NULL,'it',NULL,'veneto',NULL,NULL,NULL,NULL,NULL,NULL,NULL,NULL,NULL,NULL,NULL,0,'2025-07-25 05:30:44.620404','red wine','cabernet sauvignon and blends');
INSERT INTO "wine_wiki_wine" VALUES(461,461,23,18,'australia','2023','thick as thieves yarra valley, vic',NULL,'levings',NULL,155,'2023 thick as thieves ‘levings’ yarra valley, vic 155','thick as thieves',NULL,NULL,'vic','yarra valley',NULL,NULL,NULL,NULL,NULL,NULL,NULL,NULL,NULL,NULL,NULL,0,'2025-07-25 05:30:44.622755','red wine','merlot and blends');
INSERT INTO "wine_wiki_wine" VALUES(462,462,23,19,'australia','2024','timo mayer yarra valley, vic',NULL,NULL,NULL,165,'2024 timo mayer yarra valley, vic 165','timo mayer',NULL,NULL,'vic','yarra valley',NULL,NULL,NULL,NULL,NULL,NULL,NULL,NULL,NULL,NULL,NULL,0,'2025-07-25 05:30:44.624895','red wine','merlot and blends');
INSERT INTO "wine_wiki_wine" VALUES(463,463,24,0,'australia','2023','dhillon by bindi heathcote, vic',NULL,'col mountain',NULL,120,'2023 dhillon by bindi ‘col mountain’ heathcote, vic 120','bindi',NULL,NULL,'vic','heathcote',NULL,NULL,NULL,NULL,NULL,NULL,NULL,NULL,'dhillon by bindi',NULL,NULL,0,'2025-07-25 05:30:44.627075','red wine','grenache and blends');
INSERT INTO "wine_wiki_wine" VALUES(464,464,24,1,'australia','2022','marli russel yarra valley, vic',NULL,'rp2 blend',NULL,145,'2022 marli russel ‘rp2 blend’ yarra valley, vic 145',NULL,NULL,NULL,'vic','yarra valley',NULL,NULL,NULL,NULL,NULL,NULL,NULL,NULL,NULL,NULL,NULL,0,'2025-07-25 05:30:44.629922','red wine','grenache and blends');
INSERT INTO "wine_wiki_wine" VALUES(465,465,24,2,'australia','2017','marli russel yarra valley, vic',NULL,'rp2 blend',NULL,170,'2017 marli russel ‘rp2 blend’ yarra valley, vic 170',NULL,NULL,NULL,'vic','yarra valley',NULL,NULL,NULL,NULL,NULL,NULL,NULL,NULL,NULL,NULL,NULL,0,'2025-07-25 05:30:44.635047','red wine','grenache and blends');
INSERT INTO "wine_wiki_wine" VALUES(466,466,24,3,'australia','2023','kin by alkina barossa valley, sa',NULL,NULL,NULL,110,'2023 kin by alkina barossa valley, sa 110','kin by alkina',NULL,NULL,'sa','barossa valley',NULL,NULL,NULL,NULL,NULL,NULL,NULL,NULL,NULL,NULL,NULL,0,'2025-07-25 05:30:44.637149','red wine','grenache and blends');
INSERT INTO "wine_wiki_wine" VALUES(467,467,24,4,'australia','2020','alkina - schist/limestone barossa valley, sa',NULL,'polygon 3',NULL,690,'2020 alkina ‘polygon 3’ - schist/limestone barossa valley, sa 690','alkina',NULL,NULL,'sa','barossa valley',NULL,NULL,NULL,NULL,NULL,NULL,NULL,NULL,NULL,NULL,NULL,0,'2025-07-25 05:30:44.639450','red wine','grenache and blends');
INSERT INTO "wine_wiki_wine" VALUES(468,468,24,5,'australia','2022','alkina - schist/limestone barossa valley, sa',NULL,'polygon 3',NULL,650,'2022 alkina ‘polygon 3’ - schist/limestone barossa valley, sa 650','alkina',NULL,NULL,'sa','barossa valley',NULL,NULL,NULL,NULL,NULL,NULL,NULL,NULL,NULL,NULL,NULL,0,'2025-07-25 05:30:44.641714','red wine','grenache and blends');
INSERT INTO "wine_wiki_wine" VALUES(469,469,24,6,'australia','2020','alkina - clay/schist barossa valley, sa',NULL,'polygon 5',NULL,690,'2020 alkina ‘polygon 5’ - clay/schist barossa valley, sa 690','alkina',NULL,NULL,'sa','barossa valley',NULL,NULL,NULL,NULL,NULL,NULL,NULL,NULL,NULL,NULL,NULL,0,'2025-07-25 05:30:44.644289','red wine','grenache and blends');
INSERT INTO "wine_wiki_wine" VALUES(470,470,24,7,'australia','2022','alkina - clay/schist barossa valley, sa',NULL,'polygon 5',NULL,650,'2022 alkina ‘polygon 5’ - clay/schist barossa valley, sa 650','alkina',NULL,NULL,'sa','barossa valley',NULL,NULL,NULL,NULL,NULL,NULL,NULL,NULL,NULL,NULL,NULL,0,'2025-07-25 05:30:44.646506','red wine','grenache and blends');
INSERT INTO "wine_wiki_wine" VALUES(471,471,24,8,'australia','2019','charles melton barossa valley, sa',NULL,'nine popes gsm',NULL,295,'2019 charles melton ‘nine popes gsm ’ barossa valley, sa 295','charles melton',NULL,NULL,'sa','barossa valley',NULL,NULL,NULL,NULL,NULL,NULL,NULL,NULL,NULL,NULL,NULL,0,'2025-07-25 05:30:44.648972','red wine','grenache and blends');
INSERT INTO "wine_wiki_wine" VALUES(472,472,24,9,'australia','2023','sp inifex barossa valley, sa',NULL,'papillon',NULL,80,'2023 sp inifex ‘papillon’ barossa valley, sa 80','spinifex',NULL,NULL,'sa','barossa valley',NULL,NULL,NULL,NULL,NULL,NULL,NULL,NULL,NULL,NULL,NULL,0,'2025-07-25 05:30:44.651645','red wine','grenache and blends');
INSERT INTO "wine_wiki_wine" VALUES(473,473,24,10,'australia','2022','seppeltsfield barossa valley, sa',NULL,NULL,NULL,75,'2022 seppeltsfield barossa valley, sa 75','seppeltsfield',NULL,NULL,'sa','barossa valley',NULL,NULL,NULL,NULL,NULL,NULL,NULL,NULL,NULL,NULL,NULL,0,'2025-07-25 05:30:44.654139','red wine','grenache and blends');
INSERT INTO "wine_wiki_wine" VALUES(474,474,24,11,'australia','2021','rusden barossa valley, sa',NULL,'christine’s vineyard',NULL,120,'2021 rusden ‘christine’s vineyard’ barossa valley, sa 120','rusden',NULL,NULL,'sa','barossa valley',NULL,NULL,NULL,NULL,NULL,NULL,NULL,NULL,NULL,NULL,NULL,0,'2025-07-25 05:30:44.656654','red wine','grenache and blends');
INSERT INTO "wine_wiki_wine" VALUES(475,475,24,12,'australia','2022','tscharke barossa valley, sa',NULL,'stone well',NULL,130,'2022 tscharke ‘stone well’ barossa valley, sa 130','tscharke',NULL,NULL,'sa','barossa valley',NULL,NULL,NULL,NULL,NULL,NULL,NULL,NULL,NULL,NULL,NULL,0,'2025-07-25 05:30:44.659658','red wine','grenache and blends');
INSERT INTO "wine_wiki_wine" VALUES(476,476,24,13,'australia','2023','munda ngadjuri and peramangk country',NULL,NULL,NULL,110,'2023 munda ngadjuri and peramangk country 110','munda',NULL,NULL,NULL,NULL,NULL,NULL,NULL,NULL,NULL,NULL,NULL,NULL,NULL,NULL,NULL,0,'2025-07-25 05:30:44.662297','red wine','grenache and blends');
INSERT INTO "wine_wiki_wine" VALUES(477,477,24,14,'australia','2022','bourke & travers clare valley, sa',NULL,'gsm',NULL,95,'2022 bourke & travers ‘gsm’ clare valley, sa 95','bourke & travers',NULL,NULL,'sa','clare valley',NULL,NULL,NULL,NULL,NULL,NULL,NULL,NULL,NULL,NULL,NULL,0,'2025-07-25 05:30:44.664376','red wine','grenache and blends');
INSERT INTO "wine_wiki_wine" VALUES(478,478,24,15,'australia','2023','bulman eden valley, sa',NULL,'glen’s vineyard',NULL,195,'2023 bulman ‘glen’s vineyard’ eden valley, sa 195','bulman',NULL,NULL,'sa','eden valley',NULL,NULL,NULL,NULL,NULL,NULL,NULL,NULL,NULL,NULL,NULL,0,'2025-07-25 05:30:44.667330','red wine','grenache and blends');
INSERT INTO "wine_wiki_wine" VALUES(479,479,24,16,'australia','2023','ochota barrels mclaren vale, sa',NULL,'the green room',NULL,100,'2023 ochota barrels ‘ the green room’ mclaren vale, sa 100','ochota barrels',NULL,NULL,'sa','mclaren vale',NULL,NULL,NULL,NULL,NULL,NULL,NULL,NULL,NULL,NULL,NULL,0,'2025-07-25 05:30:44.669224','red wine','grenache and blends');
INSERT INTO "wine_wiki_wine" VALUES(480,480,24,17,'australia','2022','serafino mclaren vale, sa',NULL,NULL,NULL,85,'2022 serafino mclaren vale, sa 85','serafino',NULL,NULL,'sa','mclaren vale',NULL,NULL,NULL,NULL,NULL,NULL,NULL,NULL,NULL,NULL,NULL,0,'2025-07-25 05:30:44.671410','red wine','grenache and blends');
INSERT INTO "wine_wiki_wine" VALUES(481,481,24,18,'australia','2022','willunga 100 mclaren vale, sa',NULL,'trott vineyard',NULL,165,'2022 willunga 100 ‘trott vineyard’ mclaren vale, sa 165','willunga',NULL,NULL,'sa','mclaren vale',NULL,NULL,NULL,NULL,NULL,NULL,NULL,NULL,NULL,NULL,NULL,0,'2025-07-25 05:30:44.673616','red wine','grenache and blends');
INSERT INTO "wine_wiki_wine" VALUES(482,482,24,19,'australia','2023','swinney frankland river, wa',NULL,NULL,NULL,120,'2023 swinney frankland river, wa 120','swinney',NULL,NULL,'wa',NULL,'frankland river',NULL,NULL,NULL,NULL,NULL,NULL,NULL,NULL,NULL,NULL,0,'2025-07-25 05:30:44.675681','red wine','grenache and blends');
INSERT INTO "wine_wiki_wine" VALUES(483,483,24,20,'australia','2022','swinney frankland river, wa',NULL,'farvie',NULL,320,'2022 swinney ‘farvie’ frankland river, wa 320','swinney',NULL,NULL,'wa',NULL,'frankland river',NULL,NULL,NULL,NULL,NULL,NULL,NULL,NULL,NULL,NULL,0,'2025-07-25 05:30:44.677274','red wine','grenache and blends');
INSERT INTO "wine_wiki_wine" VALUES(484,484,24,21,'rest of the world','1972','xavier vignon châteauneuf-du-pape, rhône valley, fr',NULL,NULL,NULL,965,'1972 xavier vignon châteauneuf-du-pape, rhône valley, fr 965','xavier vignon',NULL,'fr',NULL,'rhône valley','châteauneuf-du-pape',NULL,NULL,NULL,NULL,NULL,NULL,NULL,NULL,NULL,NULL,0,'2025-07-25 05:30:44.680820','red wine','grenache and blends');
INSERT INTO "wine_wiki_wine" VALUES(485,485,24,22,'rest of the world','2021','domaine la bouîssiere gigondas, rhône valley, fr',NULL,NULL,NULL,260,'2021 domaine la bouîssiere gigondas, rhône valley, fr 260','domaine la bouîssiere',NULL,'fr',NULL,'rhône valley','gigondas',NULL,NULL,NULL,NULL,NULL,NULL,NULL,NULL,NULL,NULL,0,'2025-07-25 05:30:44.683491','red wine','grenache and blends');
INSERT INTO "wine_wiki_wine" VALUES(486,486,24,23,'rest of the world','2019','clos mogador priorat, esp',NULL,'priorat tinto',NULL,520,'2019 clos mogador ‘priorat tinto’ priorat, esp 520','clos mogador',NULL,'esp',NULL,'priorat',NULL,NULL,NULL,NULL,NULL,NULL,NULL,NULL,NULL,NULL,NULL,0,'2025-07-25 05:30:44.687263','red wine','grenache and blends');
INSERT INTO "wine_wiki_wine" VALUES(487,487,24,24,'australia','2022','tempranillo, mount majura canberra district, nsw',NULL,NULL,NULL,155,'2022 tempranillo, mount majura canberra district, nsw 155','mount majura',NULL,NULL,'nsw','canberra district',NULL,NULL,NULL,NULL,'tempranillo',NULL,NULL,NULL,NULL,NULL,NULL,0,'2025-07-25 05:30:44.692234','red wine','tempranillo, touriga nacional and blends');
INSERT INTO "wine_wiki_wine" VALUES(488,488,24,25,'australia','2020','yarra yering yarra valley, vic',NULL,'dry red no.3 blend',NULL,235,'2020 yarra yering ‘dry red no.3 blend ’ yarra valley, vic 235','yarra yering',NULL,NULL,'vic','yarra valley',NULL,NULL,NULL,NULL,NULL,NULL,NULL,NULL,NULL,NULL,NULL,0,'2025-07-25 05:30:44.695193','red wine','tempranillo, touriga nacional and blends');
INSERT INTO "wine_wiki_wine" VALUES(489,489,24,26,'australia','2022','seppeltsfield barossa, sa',NULL,'ec3 blend',NULL,110,'2022 seppeltsfield ‘ec3 blend’ barossa, sa 110','seppeltsfield',NULL,NULL,'sa','barossa',NULL,NULL,NULL,NULL,NULL,NULL,NULL,NULL,NULL,NULL,NULL,0,'2025-07-25 05:30:44.697614','red wine','tempranillo, touriga nacional and blends');
INSERT INTO "wine_wiki_wine" VALUES(490,490,25,0,'australia','2019','cullarin canberra district, nsw',NULL,'block 71',NULL,120,'2019 cullarin ‘block 71’ canberra district, nsw 120','cullarin',NULL,NULL,'nsw','canberra district',NULL,NULL,NULL,NULL,NULL,NULL,NULL,NULL,NULL,NULL,NULL,0,'2025-07-25 05:30:44.700003','red wine','shiraz and blends');
INSERT INTO "wine_wiki_wine" VALUES(491,491,25,1,'australia','2014','mount pleasant hunter valley, nsw',NULL,'maurice o''shea',NULL,610,'2014 mount pleasant ‘maurice o''shea’ hunter valley, nsw 610','mount pleasant',NULL,NULL,'nsw','hunter valley',NULL,NULL,NULL,NULL,NULL,NULL,NULL,NULL,NULL,NULL,NULL,0,'2025-07-25 05:30:44.702650','red wine','shiraz and blends');
INSERT INTO "wine_wiki_wine" VALUES(492,492,25,2,'australia','2022','thomas hunter valley, nsw',NULL,'sweetwater ridge',NULL,95,'2022 thomas ‘sweetwater ridge’ hunter valley, nsw 95',NULL,NULL,NULL,'nsw','hunter valley',NULL,NULL,NULL,NULL,NULL,NULL,NULL,NULL,NULL,NULL,NULL,0,'2025-07-25 05:30:44.705201','red wine','shiraz and blends');
INSERT INTO "wine_wiki_wine" VALUES(493,493,25,3,'australia','1996','tyrrell’s hunter valley, nsw',NULL,'vat 9',NULL,540,'1996 tyrrell’s ‘vat 9’ hunter valley, nsw 540','tyrrell’s',NULL,NULL,'nsw','hunter valley',NULL,NULL,NULL,NULL,NULL,NULL,NULL,NULL,NULL,NULL,NULL,0,'2025-07-25 05:30:44.708680','red wine','shiraz and blends');
INSERT INTO "wine_wiki_wine" VALUES(494,494,25,4,'australia','2011','tyrrell’s hunter valley, nsw',NULL,'johnno’s vineyard',NULL,460,'2011 tyrrell’s ‘johnno’s vineyard’ hunter valley, nsw 460','tyrrell’s',NULL,NULL,'nsw','hunter valley',NULL,NULL,NULL,NULL,NULL,NULL,NULL,NULL,NULL,NULL,NULL,0,'2025-07-25 05:30:44.711632','red wine','shiraz and blends');
INSERT INTO "wine_wiki_wine" VALUES(495,495,25,5,'australia','2019','tyrrell’s hunter valley, nsw',NULL,'johnno’s vineyard',NULL,390,'2019 tyrrell’s ‘johnno’s vineyard’ hunter valley, nsw 390','tyrrell’s',NULL,NULL,'nsw','hunter valley',NULL,NULL,NULL,NULL,NULL,NULL,NULL,NULL,NULL,NULL,NULL,0,'2025-07-25 05:30:44.714567','red wine','shiraz and blends');
INSERT INTO "wine_wiki_wine" VALUES(496,496,25,6,'australia','2013','tyrrell’s hunter valley, nsw',NULL,'old patch',NULL,460,'2013 tyrrell’s ‘old patch’ hunter valley, nsw 460','tyrrell’s',NULL,NULL,'nsw','hunter valley',NULL,NULL,NULL,NULL,NULL,NULL,NULL,NULL,NULL,NULL,NULL,0,'2025-07-25 05:30:44.717071','red wine','shiraz and blends');
INSERT INTO "wine_wiki_wine" VALUES(497,497,25,7,'australia','2021','tyrrell’s hunter valley, nsw',NULL,'old patch',NULL,390,'2021 tyrrell’s ‘old patch’ hunter valley, nsw 390','tyrrell’s',NULL,NULL,'nsw','hunter valley',NULL,NULL,NULL,NULL,NULL,NULL,NULL,NULL,NULL,NULL,NULL,0,'2025-07-25 05:30:44.719762','red wine','shiraz and blends');
INSERT INTO "wine_wiki_wine" VALUES(498,498,25,8,'australia','2022','tyrrell’s hunter valley, nsw',NULL,'8 acres',NULL,440,'2022 tyrrell’s ‘8 acres’ hunter valley, nsw 440','tyrrell’s',NULL,NULL,'nsw','hunter valley',NULL,NULL,NULL,NULL,NULL,NULL,NULL,NULL,NULL,NULL,NULL,0,'2025-07-25 05:30:44.724642','red wine','shiraz and blends');
INSERT INTO "wine_wiki_wine" VALUES(499,499,25,9,'australia','2018','dhillon by bindi heathcote, vic',NULL,'col mountain',NULL,210,'2018 dhillon by bindi ‘col mountain’ heathcote, vic 210','bindi',NULL,NULL,'vic','heathcote',NULL,NULL,NULL,NULL,NULL,NULL,NULL,NULL,'dhillon by bindi',NULL,NULL,0,'2025-07-25 05:30:44.727890','red wine','shiraz and blends');
INSERT INTO "wine_wiki_wine" VALUES(500,500,25,10,'australia','2023','demi by syrahmi heathcote, vic',NULL,'',NULL,90,'2023 demi by syrahmi heathcote, vic 90','syrahmi',NULL,NULL,'vic','heathcote',NULL,NULL,NULL,NULL,NULL,NULL,NULL,NULL,NULL,NULL,'Peppercorn, earth, olive, blackberry, blueberry, game, cedar.

Medium plus tannins, medium acidity, medium plus body. Designed for early drinking.',1,'2025-07-25 05:30:44.731584','red wine','shiraz and blends');
INSERT INTO "wine_wiki_wine" VALUES(501,501,25,11,'australia','2000','jasper hill heathcote, vic',NULL,'georgia''s paddock',NULL,524,'2000 jasper hill ‘georgia''s paddock’ heathcote, vic 524','jasper hill',NULL,NULL,'vic','heathcote',NULL,NULL,NULL,NULL,NULL,NULL,NULL,NULL,NULL,NULL,NULL,0,'2025-07-25 05:30:44.734093','red wine','shiraz and blends');
INSERT INTO "wine_wiki_wine" VALUES(502,502,25,12,'australia','2002','jasper hill heathcote, vic',NULL,'georgia''s paddock',NULL,508,'2002 jasper hill ‘georgia''s paddock’ heathcote, vic 508','jasper hill',NULL,NULL,'vic','heathcote',NULL,NULL,NULL,NULL,NULL,NULL,NULL,NULL,NULL,NULL,NULL,0,'2025-07-25 05:30:44.737410','red wine','shiraz and blends');
INSERT INTO "wine_wiki_wine" VALUES(503,503,25,13,'australia','2020','best’s grampians, vic',NULL,'hamill hill',NULL,175,'2020 best’s ‘hamill hill’ grampians, vic 175','best’s',NULL,NULL,'vic','grampians',NULL,NULL,NULL,NULL,NULL,NULL,NULL,NULL,NULL,NULL,NULL,0,'2025-07-25 05:30:44.740101','red wine','shiraz and blends');
INSERT INTO "wine_wiki_wine" VALUES(504,504,25,14,'australia','2022','mount langi ghiran grampians, vic',NULL,'talus',NULL,190,'2022 mount langi ghiran ‘talus’ grampians, vic 190','mount langi ghiran',NULL,NULL,'vic','grampians',NULL,NULL,NULL,NULL,NULL,NULL,NULL,NULL,NULL,NULL,NULL,0,'2025-07-25 05:30:44.742735','red wine','shiraz and blends');
INSERT INTO "wine_wiki_wine" VALUES(505,505,25,15,'australia','2022','place of changing winds macedon ranges, vic',NULL,'shiraz pinot',NULL,240,'2022 place of changing winds ‘shiraz pinot’ macedon ranges, vic 240','place of changing winds',NULL,NULL,'vic','macedon ranges',NULL,NULL,NULL,NULL,NULL,NULL,NULL,NULL,NULL,NULL,NULL,0,'2025-07-25 05:30:44.744543','red wine','shiraz and blends');
INSERT INTO "wine_wiki_wine" VALUES(506,506,25,16,'australia','2020','dalwhinnie pyrenees , vic',NULL,'the eagle',NULL,440,'2020 dalwhinnie ‘ the eagle’ pyrenees , vic 440','dalwhinnie',NULL,NULL,'vic','pyrenees',NULL,NULL,NULL,NULL,NULL,NULL,NULL,NULL,NULL,NULL,NULL,0,'2025-07-25 05:30:44.746859','red wine','shiraz and blends');
INSERT INTO "wine_wiki_wine" VALUES(507,507,25,17,'australia','2024','bloody hill villages yarra valley, vic',NULL,'coldstream',NULL,90,'2024 bloody hill villages ‘coldstream’ yarra valley, vic 90','bloody hill villages',NULL,NULL,'vic','yarra valley',NULL,NULL,NULL,NULL,NULL,NULL,NULL,NULL,NULL,NULL,NULL,0,'2025-07-25 05:30:44.749360','red wine','shiraz and blends');
INSERT INTO "wine_wiki_wine" VALUES(508,508,25,18,'australia','2015','levantine hill yarra valley, vic',NULL,'melissa’s paddock',NULL,410,'2015 levantine hill ‘melissa’s paddock’ yarra valley, vic 410','levantine hill',NULL,NULL,'vic','yarra valley',NULL,NULL,NULL,NULL,NULL,NULL,NULL,NULL,NULL,NULL,NULL,0,'2025-07-25 05:30:44.751962','red wine','shiraz and blends');
INSERT INTO "wine_wiki_wine" VALUES(509,509,25,19,'australia','2022','mount mary yarra valley, vic',NULL,'reflexion',NULL,175,'2022 mount mary ‘reflexion’ yarra valley, vic 175','mount mary',NULL,NULL,'vic','yarra valley',NULL,NULL,NULL,NULL,NULL,NULL,NULL,NULL,NULL,NULL,NULL,0,'2025-07-25 05:30:44.754074','red wine','shiraz and blends');
INSERT INTO "wine_wiki_wine" VALUES(510,510,25,20,'australia','2024','timo mayer yarra valley, vic',NULL,NULL,NULL,165,'2024 timo mayer yarra valley, vic 165','timo mayer',NULL,NULL,'vic','yarra valley',NULL,NULL,NULL,NULL,NULL,NULL,NULL,NULL,NULL,NULL,NULL,0,'2025-07-25 05:30:44.756642','red wine','shiraz and blends');
INSERT INTO "wine_wiki_wine" VALUES(511,511,25,21,'australia','2008','yarra yering yarra valley, vic',NULL,'dry red wine no.2',NULL,650,'2008 yarra yering ‘dry red wine no.2’ yarra valley, vic 650','yarra yering',NULL,NULL,'vic','yarra valley',NULL,NULL,NULL,NULL,NULL,NULL,NULL,NULL,NULL,NULL,NULL,0,'2025-07-25 05:30:44.759204','red wine','shiraz and blends');
INSERT INTO "wine_wiki_wine" VALUES(512,512,25,22,'australia','2019','yarra yering yarra valley, vic 375ml',NULL,'dry red wine no.2',NULL,180,'2019 yarra yering ‘dry red wine no.2’ yarra valley, vic 375ml 180','yarra yering',NULL,NULL,'vic','yarra valley',NULL,NULL,NULL,NULL,NULL,NULL,NULL,'375ml',NULL,NULL,NULL,0,'2025-07-25 05:30:44.761778','red wine','shiraz and blends');
INSERT INTO "wine_wiki_wine" VALUES(513,513,25,23,'australia','2022','yarra yering yarra valley, vic',NULL,'dry red wine no.2',NULL,420,'2022 yarra yering ‘dry red wine no.2’ yarra valley, vic 420','yarra yering',NULL,NULL,'vic','yarra valley',NULL,NULL,NULL,NULL,NULL,NULL,NULL,NULL,NULL,NULL,NULL,0,'2025-07-25 05:30:44.764169','red wine','shiraz and blends');
INSERT INTO "wine_wiki_wine" VALUES(514,514,25,24,'australia','2023','yarra yering yarra valley, vic',NULL,'light dry red',NULL,220,'2023 yarra yering ‘light dry red’ yarra valley, vic 220','yarra yering',NULL,NULL,'vic','yarra valley',NULL,NULL,NULL,NULL,NULL,NULL,NULL,NULL,NULL,NULL,NULL,0,'2025-07-25 05:30:44.766742','red wine','shiraz and blends');
INSERT INTO "wine_wiki_wine" VALUES(515,515,25,25,'australia','2022','yarra yering yarra valley, vic',NULL,'underhill',NULL,320,'2022 yarra yering ‘underhill’ yarra valley, vic 320','yarra yering',NULL,NULL,'vic','yarra valley',NULL,NULL,NULL,NULL,NULL,NULL,NULL,NULL,NULL,NULL,NULL,0,'2025-07-25 05:30:44.769237','red wine','shiraz and blends');
INSERT INTO "wine_wiki_wine" VALUES(516,516,25,26,'australia','2019','yeringberg yarra valley, vic',NULL,NULL,NULL,310,'2019 yeringberg yarra valley, vic 310','yeringberg',NULL,NULL,'vic','yarra valley',NULL,NULL,NULL,NULL,NULL,NULL,NULL,NULL,NULL,NULL,NULL,0,'2025-07-25 05:30:44.771665','red wine','shiraz and blends');
INSERT INTO "wine_wiki_wine" VALUES(517,517,25,27,'australia','2022','yeringberg yarra valley, vic',NULL,NULL,NULL,280,'2022 yeringberg yarra valley, vic 280','yeringberg',NULL,NULL,'vic','yarra valley',NULL,NULL,NULL,NULL,NULL,NULL,NULL,NULL,NULL,NULL,NULL,0,'2025-07-25 05:30:44.773680','red wine','shiraz and blends');
INSERT INTO "wine_wiki_wine" VALUES(518,518,26,0,'australia','2021','glaetzer- dixon coal river/derwent valley, tas',NULL,'mon pére',NULL,180,'2021 glaetzer- dixon ‘mon pére’ coal river/derwent valley, tas 180','glaetzer-dixon',NULL,NULL,'tasmania','coal river/derwent valley',NULL,NULL,NULL,NULL,NULL,NULL,NULL,NULL,NULL,NULL,NULL,0,'2025-07-25 05:30:44.776365','red wine','shiraz and blends');
INSERT INTO "wine_wiki_wine" VALUES(519,519,26,1,'australia','2022','pooley coal river valley, tas',NULL,'j.r.d. single vineyard',NULL,370,'2022 pooley ‘j.r.d. single vineyard’ coal river valley, tas 370','pooley',NULL,NULL,'tasmania','coal river valley',NULL,NULL,NULL,NULL,NULL,NULL,NULL,NULL,NULL,NULL,NULL,0,'2025-07-25 05:30:44.778953','red wine','shiraz and blends');
INSERT INTO "wine_wiki_wine" VALUES(520,520,26,2,'australia','2022','shaw + smith adelaide hills, sa',NULL,'balhannah',NULL,250,'2022 shaw + smith ‘balhannah’ adelaide hills, sa 250','shaw + smith',NULL,NULL,'sa','adelaide hills',NULL,NULL,NULL,NULL,NULL,NULL,NULL,NULL,NULL,NULL,NULL,0,'2025-07-25 05:30:44.781255','red wine','shiraz and blends');
INSERT INTO "wine_wiki_wine" VALUES(521,521,26,3,'australia','2018','shaw + smith adelaide hills, sa 1.5l',NULL,'balhannah',NULL,560,'2018 shaw + smith ‘balhannah’ adelaide hills, sa 1.5l 560','shaw + smith',NULL,NULL,'sa','adelaide hills',NULL,NULL,NULL,NULL,NULL,NULL,NULL,'1.5l',NULL,NULL,NULL,0,'2025-07-25 05:30:44.783327','red wine','shiraz and blends');
INSERT INTO "wine_wiki_wine" VALUES(522,522,26,4,'australia','2022','hentley farm barossa valley, sa',NULL,'the beast',NULL,295,'2022 hentley farm ‘the beast’ barossa valley, sa 295','hentley farm',NULL,NULL,'sa','barossa valley',NULL,NULL,NULL,NULL,NULL,NULL,NULL,NULL,NULL,NULL,NULL,0,'2025-07-25 05:30:44.785720','red wine','shiraz and blends');
INSERT INTO "wine_wiki_wine" VALUES(523,523,26,5,'australia','2017','hentley farm barossa valley, sa',NULL,'the beast',NULL,350,'2017 hentley farm ‘the beast’ barossa valley, sa 350','hentley farm',NULL,NULL,'sa','barossa valley',NULL,NULL,NULL,NULL,NULL,NULL,NULL,NULL,NULL,NULL,NULL,0,'2025-07-25 05:30:44.788332','red wine','shiraz and blends');
INSERT INTO "wine_wiki_wine" VALUES(524,524,26,6,'australia','2022','spinifex barossa valley, sa',NULL,'bete noir',NULL,100,'2022 spinifex ‘bete noir’ barossa valley, sa 100','spinifex',NULL,NULL,'sa','barossa valley',NULL,NULL,NULL,NULL,NULL,NULL,NULL,NULL,NULL,NULL,NULL,0,'2025-07-25 05:30:44.790574','red wine','shiraz and blends');
INSERT INTO "wine_wiki_wine" VALUES(525,525,26,7,'australia','2023','torbreck barossa valley, sa',NULL,'hillside vineyard',NULL,95,'2023 torbreck ‘hillside vineyard’ barossa valley, sa 95','torbreck',NULL,NULL,'sa','barossa valley',NULL,NULL,NULL,NULL,NULL,NULL,NULL,NULL,NULL,NULL,NULL,0,'2025-07-25 05:30:44.792302','red wine','shiraz and blends');
INSERT INTO "wine_wiki_wine" VALUES(526,526,26,8,'australia','2018','henschke eden valley, sa',NULL,'hill of grace',NULL,1600,'2018 henschke ‘hill of grace’ eden valley, sa 1,600','henschke',NULL,NULL,'sa','eden valley',NULL,NULL,NULL,NULL,NULL,NULL,NULL,NULL,NULL,NULL,NULL,0,'2025-07-25 05:30:44.794194','red wine','shiraz and blends');
INSERT INTO "wine_wiki_wine" VALUES(527,527,26,9,'australia','2021','henschke eden valley, sa',NULL,'mount edelstone',NULL,690,'2021 henschke ‘mount edelstone’ eden valley, sa 690','henschke',NULL,NULL,'sa','eden valley',NULL,NULL,NULL,NULL,NULL,NULL,NULL,NULL,NULL,NULL,NULL,0,'2025-07-25 05:30:44.796138','red wine','shiraz and blends');
INSERT INTO "wine_wiki_wine" VALUES(528,528,26,10,'australia','2021','iggy eden valley, sa',NULL,'h&c',NULL,215,'2021 iggy ‘h&c’ eden valley, sa 215','iggy',NULL,NULL,'sa','eden valley',NULL,NULL,NULL,NULL,NULL,NULL,NULL,NULL,NULL,NULL,NULL,0,'2025-07-25 05:30:44.798601','red wine','shiraz and blends');
INSERT INTO "wine_wiki_wine" VALUES(529,529,26,11,'australia','2014','clarendon hills mclaren vale, sa',NULL,'domaine',NULL,130,'2014 clarendon hills ‘domaine’ mclaren vale, sa 130','clarendon hills',NULL,NULL,'sa','mclaren vale',NULL,NULL,NULL,NULL,NULL,NULL,NULL,NULL,NULL,NULL,NULL,0,'2025-07-25 05:30:44.801031','red wine','shiraz and blends');
INSERT INTO "wine_wiki_wine" VALUES(530,530,26,12,'australia','2022','mathew atallah mclaren vale, sa',NULL,'denton’s block',NULL,135,'2022 mathew atallah ‘denton’s block’ mclaren vale, sa 135','matthew atallah',NULL,NULL,'sa','mclaren vale',NULL,NULL,NULL,NULL,NULL,NULL,NULL,NULL,NULL,NULL,NULL,0,'2025-07-25 05:30:44.803619','red wine','shiraz and blends');
INSERT INTO "wine_wiki_wine" VALUES(531,531,26,13,'australia','2020','swinney ‘farvie’, frankland river great southern, wa',NULL,NULL,NULL,345,'2020 swinney ‘farvie’, frankland river great southern, wa 345','swinney',NULL,NULL,'wa','great southern','frankland river',NULL,NULL,NULL,NULL,NULL,NULL,NULL,'farvie',NULL,NULL,0,'2025-07-25 05:30:44.806217','red wine','shiraz and blends');
INSERT INTO "wine_wiki_wine" VALUES(532,532,26,14,'australia','2022','deep woods estate margaret river, wa',NULL,'reserve',NULL,225,'2022 deep woods estate ‘reserve’ margaret river, wa 225','deep woods estate',NULL,NULL,'wa','margaret river',NULL,NULL,NULL,NULL,NULL,NULL,NULL,NULL,NULL,NULL,NULL,0,'2025-07-25 05:30:44.808611','red wine','shiraz and blends');
INSERT INTO "wine_wiki_wine" VALUES(533,533,26,15,'france','2017','domaine rostaing côte-rôtie, rhône valley',NULL,'ampodium',NULL,495,'2017 domaine rostaing ‘ampodium’ côte-rôtie, rhône valley 495','domaine rostaing',NULL,NULL,NULL,'rhône valley','côte-rôtie',NULL,NULL,NULL,NULL,NULL,NULL,NULL,NULL,NULL,NULL,0,'2025-07-25 05:30:44.811098','red wine','shiraz and blends');
INSERT INTO "wine_wiki_wine" VALUES(534,534,26,16,'france','2019','jean- luc jamet côte-rôtie, rhône valley',NULL,'les terrasses',NULL,690,'2019 jean- luc jamet ‘les terrasses’ côte-rôtie, rhône valley 690','jean-luc jamet',NULL,NULL,NULL,'rhône valley','côte-rôtie',NULL,NULL,NULL,NULL,NULL,NULL,NULL,NULL,NULL,NULL,0,'2025-07-25 05:30:44.813714','red wine','shiraz and blends');
INSERT INTO "wine_wiki_wine" VALUES(535,535,26,17,'france','2022','alain graillot crozes hermitage, rhône valley',NULL,NULL,NULL,320,'2022 alain graillot crozes hermitage, rhône valley 320','alain graillot',NULL,NULL,NULL,'rhône valley','crozes hermitage',NULL,NULL,NULL,NULL,NULL,NULL,NULL,NULL,NULL,NULL,0,'2025-07-25 05:30:44.815785','red wine','shiraz and blends');
INSERT INTO "wine_wiki_wine" VALUES(536,536,26,18,'france','2020','paul jaboulet aîné hermitage, rhône valley',NULL,'la chapelle',NULL,980,'2020 paul jaboulet aîné ‘la chapelle’ hermitage, rhône valley 980','paul jaboulet aîné',NULL,NULL,NULL,'rhône valley','hermitage',NULL,NULL,NULL,NULL,NULL,NULL,NULL,NULL,NULL,NULL,0,'2025-07-25 05:30:44.817798','red wine','shiraz and blends');
INSERT INTO "wine_wiki_wine" VALUES(537,537,26,19,'france','2019','domaine de la grange des pères, vdp de l’hérault, languedoc',NULL,NULL,NULL,795,'2019 domaine de la grange des pères, vdp de l’hérault, languedoc 795','domaine de la grange des pères',NULL,NULL,NULL,'languedoc','vdp de l’hérault',NULL,NULL,NULL,NULL,NULL,NULL,NULL,NULL,NULL,NULL,0,'2025-07-25 05:30:44.820483','red wine','shiraz and blends');
INSERT INTO "wine_wiki_wine" VALUES(538,538,26,20,'italy','2021','praeter langhe, piemonte',NULL,'vino rosso blend',NULL,130,'2021 praeter ‘vino rosso blend’ langhe, piemonte 130','praeter',NULL,NULL,NULL,'piemonte','langhe',NULL,NULL,NULL,NULL,NULL,NULL,NULL,NULL,NULL,NULL,0,'2025-07-25 05:30:44.823507','red wine','shiraz and blends');
INSERT INTO "wine_wiki_wine" VALUES(539,539,26,21,'usa','2019','jonata ballard canyon santa ynez valley, california',NULL,'todos',NULL,310,'2019 jonata ‘todos’ ballard canyon santa ynez valley, california 310','jonata',NULL,NULL,'california',NULL,'ballard canyon santa ynez valley',NULL,NULL,NULL,NULL,NULL,NULL,NULL,NULL,NULL,NULL,0,'2025-07-25 05:30:44.827293','red wine','shiraz and blends');
INSERT INTO "wine_wiki_wine" VALUES(540,540,27,0,'australia','2022','thomas wines , semillon hunter valley, nsw 500ml',NULL,'elevage',NULL,90,'2022 thomas wines ‘elevage’ , semillon hunter valley, nsw 500ml 90','thomas wines',NULL,NULL,'nsw','hunter valley',NULL,NULL,NULL,NULL,'semillon',NULL,NULL,'500ml',NULL,NULL,NULL,0,'2025-07-25 05:30:44.833603','dessert wine','sweet wine');
INSERT INTO "wine_wiki_wine" VALUES(541,541,27,1,'australia','2023','margan semillon hunter valley, nsw 375ml',NULL,'botrytis',NULL,105,'2023 margan ‘botrytis’ semillon hunter valley, nsw 375ml 105','margan',NULL,NULL,'nsw','hunter valley',NULL,NULL,NULL,NULL,'semillon',NULL,NULL,'375ml',NULL,NULL,NULL,0,'2025-07-25 05:30:44.836258','dessert wine','sweet wine');
INSERT INTO "wine_wiki_wine" VALUES(542,542,27,2,'australia','2022','bloodwood wines orange, nsw 375ml',NULL,'silk purse',NULL,90,'2022 bloodwood wines ‘silk purse’ orange, nsw 375ml 90','bloodwood wines',NULL,NULL,'nsw','orange',NULL,NULL,NULL,NULL,NULL,NULL,NULL,'375ml',NULL,NULL,NULL,0,'2025-07-25 05:30:44.838747','dessert wine','sweet wine');
INSERT INTO "wine_wiki_wine" VALUES(543,543,27,3,'australia','2024','moun t horrocks , riesling clare valley, sa 375ml',NULL,'cordon cut',NULL,95,'2024 moun t horrocks ‘cordon cut’ , riesling clare valley, sa 375ml 95','mount horrocks',NULL,NULL,'sa','clare valley',NULL,NULL,NULL,NULL,'riesling',NULL,NULL,'375ml',NULL,NULL,NULL,0,'2025-07-25 05:30:44.841230','dessert wine','sweet wine');
INSERT INTO "wine_wiki_wine" VALUES(544,544,27,4,'australia','2024','cullen ‘late harvest’, chenin blanc margaret river, wa 375ml',NULL,NULL,NULL,110,'2024 cullen ‘late harvest’, chenin blanc margaret river, wa 375ml 110','cullen',NULL,NULL,'wa','margaret river',NULL,NULL,NULL,NULL,'chenin blanc','late harvest',NULL,'375ml',NULL,NULL,NULL,0,'2025-07-25 05:30:44.845448','dessert wine','sweet wine');
INSERT INTO "wine_wiki_wine" VALUES(545,545,27,5,'rest of world','2019','pegasus bay noble north canterbury, nz 375ml',NULL,'finale',NULL,140,'2019 pegasus bay ‘finale’ noble north canterbury, nz 375ml 140','pegasus bay',NULL,'nz',NULL,'north canterbury',NULL,NULL,NULL,NULL,NULL,'noble',NULL,'375ml',NULL,NULL,NULL,0,'2025-07-25 05:30:44.848529','dessert wine','sweet wine');
INSERT INTO "wine_wiki_wine" VALUES(546,546,27,6,'rest of world','2007','château filhot sauternes, fr 750ml',NULL,NULL,NULL,350,'2007 château filhot sauternes, fr 750ml 350','château filhot',NULL,'fr',NULL,NULL,'sauternes',NULL,NULL,NULL,NULL,NULL,NULL,'750ml',NULL,NULL,NULL,0,'2025-07-25 05:30:44.850979','dessert wine','sweet wine');
INSERT INTO "wine_wiki_wine" VALUES(547,547,27,7,'rest of world','2020','clos lapeyre jurançon, fr 375ml',NULL,NULL,NULL,80,'2020 clos lapeyre jurançon, fr 375ml 80','clos lapeyre',NULL,'fr',NULL,'jurançon',NULL,NULL,NULL,NULL,NULL,NULL,NULL,'375ml',NULL,NULL,NULL,0,'2025-07-25 05:30:44.853655','dessert wine','sweet wine');
INSERT INTO "wine_wiki_wine" VALUES(548,548,27,8,'rest of world','2015','marcel deiss grand cru, alsace, fr 750ml',NULL,'altenberg de bergheim',NULL,635,'2015 marcel deiss ‘ altenberg de bergheim ’ grand cru, alsace, fr 750ml 635','marcel deiss',NULL,'fr',NULL,'alsace',NULL,NULL,NULL,NULL,NULL,NULL,'grand cru','750ml',NULL,NULL,NULL,0,'2025-07-25 05:30:44.856507','dessert wine','sweet wine');
INSERT INTO "wine_wiki_wine" VALUES(549,549,27,9,'rest of world','2013','domaine des baumard ‘quarts de chaume’, loire valley, fr 750ml',NULL,NULL,NULL,520,'2013 domaine des baumard ‘quarts de chaume’, loire valley, fr 750ml 520','domaine des baumard',NULL,'fr',NULL,'loire valley',NULL,'sanlúcar',NULL,NULL,NULL,NULL,NULL,'750ml',NULL,NULL,NULL,0,'2025-07-25 05:30:44.859437','dessert wine','sweet wine');
INSERT INTO "wine_wiki_wine" VALUES(550,550,27,10,'rest of world','2022','j.j. prüm mosel, germany auslese 750ml',NULL,'graacher himmelreich',NULL,440,'2022 j.j. prüm ‘graacher himmelreich’ mosel, germany auslese 750ml 440','j.j. prüm',NULL,'germany',NULL,'mosel',NULL,NULL,NULL,NULL,NULL,NULL,'auslese','750ml',NULL,NULL,'White rose, jasmine, lychee, slate, oyster shell, white peach, nectarine, elder flower, brioche.',1,'2025-07-25 05:30:44.862965','dessert wine','sweet wine');
INSERT INTO "wine_wiki_wine" VALUES(551,551,27,11,'sweet','nv','pfeiffer muscat rutherglen, vic 500ml',NULL,NULL,NULL,61,'nv pfeiffer muscat rutherglen, vic 500ml 61','pfeiffer',NULL,NULL,'vic','rutherglen',NULL,NULL,NULL,NULL,'muscat',NULL,NULL,'500ml',NULL,NULL,NULL,0,'2025-07-25 05:30:44.865577','dessert wine','fortified');
INSERT INTO "wine_wiki_wine" VALUES(552,552,27,12,'sweet','nv','stanton & killeen topaque rutherglen, vic 500ml',NULL,'classic',NULL,95,'nv stanton & killeen ‘classic’ topaque rutherglen, vic 500ml 95','stanton & killeen',NULL,NULL,'vic','rutherglen',NULL,NULL,NULL,NULL,NULL,NULL,'topaque','500ml',NULL,NULL,NULL,0,'2025-07-25 05:30:44.868043','dessert wine','fortified');
INSERT INTO "wine_wiki_wine" VALUES(553,553,27,13,'sweet','2002','stanton & killeen rutherglen, vic 1500ml',NULL,'vintage fortified',NULL,460,'2002 stanton & killeen ‘vintage fortified’ rutherglen, vic 1500ml 460','stanton & killeen',NULL,NULL,'vic','rutherglen',NULL,NULL,NULL,NULL,NULL,NULL,NULL,'1500ml',NULL,NULL,NULL,0,'2025-07-25 05:30:44.869967','dessert wine','fortified');
INSERT INTO "wine_wiki_wine" VALUES(554,554,27,14,'sweet','nv','chambers rutherglen, vic 375ml',NULL,'grand muscat',NULL,160,'nv chambers ‘grand muscat’ rutherglen, vic 375ml 160','chambers',NULL,NULL,'vic','rutherglen',NULL,NULL,NULL,NULL,NULL,NULL,NULL,'375ml',NULL,NULL,NULL,0,'2025-07-25 05:30:44.871977','dessert wine','fortified');
INSERT INTO "wine_wiki_wine" VALUES(555,555,27,15,'sweet','2003','seppeltsfield ’21yo tawny’ barossa, sa 750ml',NULL,NULL,NULL,180,'2003 seppeltsfield ’21yo tawny’ barossa, sa 750ml 180','seppeltsfield',NULL,NULL,'sa','barossa',NULL,NULL,NULL,NULL,NULL,NULL,NULL,'750ml',NULL,NULL,NULL,0,'2025-07-25 05:30:44.873683','dessert wine','fortified');
INSERT INTO "wine_wiki_wine" VALUES(556,556,27,16,'sweet','1980','lindeman’s port multi-regional, sa 750ml',NULL,'vintage',NULL,370,'1980 lindeman’s ‘vintage’ port multi-regional, sa 750ml 370','lindeman’s',NULL,NULL,'sa','multi-regional',NULL,NULL,NULL,NULL,NULL,NULL,'port','750ml',NULL,NULL,NULL,0,'2025-07-25 05:30:44.875813','dessert wine','fortified');
INSERT INTO "wine_wiki_wine" VALUES(557,557,27,17,'sweet','nv','egly-ouriet champagne, fr 750ml',NULL,'pinot noir ratafia',NULL,340,'nv egly-ouriet ‘pinot noir ratafia’ champagne, fr 750ml 340','egly-ouriet',NULL,'fr',NULL,'champagne',NULL,NULL,NULL,NULL,NULL,NULL,NULL,'750ml',NULL,NULL,NULL,0,'2025-07-25 05:30:44.877764','dessert wine','fortified');
INSERT INTO "wine_wiki_wine" VALUES(558,558,27,18,'dry',NULL,'equipo navazos palo cortado florpower mmx 750ml',NULL,'la bota 102',NULL,380,'equipo navazos ‘la bota 102’ palo cortado florpower mmx 750ml 380','equipo navazos',NULL,NULL,NULL,NULL,NULL,NULL,NULL,NULL,NULL,NULL,'palo cortado','750ml',NULL,NULL,NULL,0,'2025-07-25 05:30:44.879770','dessert wine','sherry, spain');
INSERT INTO "wine_wiki_wine" VALUES(559,559,27,19,'dry',NULL,'equipo navazos palo cortado, sanlúcar 750ml',NULL,'la bota 75',NULL,380,'equipo navazos ‘la bota 75’ palo cortado, sanlúcar 750ml 380','equipo navazos',NULL,NULL,NULL,NULL,NULL,NULL,NULL,NULL,NULL,NULL,'palo cortado','750ml',NULL,NULL,NULL,0,'2025-07-25 05:30:44.881514','dessert wine','sherry, spain');
INSERT INTO "wine_wiki_wine" VALUES(560,560,27,20,'dry',NULL,'toro albala amontillado montilla-moriles 500ml',NULL,'viejísimo solera 1922',NULL,225,'toro albala amontillado ‘viejísimo solera 1922’ montilla-moriles 500ml 225','toro albala',NULL,NULL,NULL,NULL,NULL,'montilla-moriles',NULL,NULL,NULL,NULL,'amontillado','500ml',NULL,NULL,NULL,0,'2025-07-25 05:30:44.883403','dessert wine','sherry, spain');
INSERT INTO "wine_wiki_wine" VALUES(561,561,27,21,'dry',NULL,'toro albala oloroso nv montilla-moriles 500ml',NULL,'marqués de poley',NULL,104,'toro albala oloroso ‘marqués de poley’ nv montilla-moriles 500ml 104','toro albala',NULL,NULL,NULL,NULL,NULL,'montilla-moriles',NULL,NULL,NULL,'oloroso',NULL,'500ml',NULL,NULL,NULL,0,'2025-07-25 05:30:44.885425','dessert wine','sherry, spain');
INSERT INTO "wine_wiki_wine" VALUES(562,562,27,22,'sweet','2017','equipo navazos p.x. montilla-moriles 750ml',NULL,'casa del inca',NULL,210,'2017 equipo navazos ‘casa del inca’ p.x. montilla-moriles 750ml 210','equipo navazos',NULL,NULL,NULL,NULL,NULL,'montilla-moriles',NULL,NULL,NULL,'p.x.',NULL,'750ml',NULL,NULL,NULL,0,'2025-07-25 05:30:44.887980','dessert wine','sherry, spain');
INSERT INTO "wine_wiki_wine" VALUES(563,-1,-1,-1,'""','2023','',NULL,'Estate Vineyard',NULL,0,'','Giaconda','Dry','Australia','Vic','Beechworth',NULL,NULL,'Giaconda Estate Vineyard',NULL,'Chardonnay','Blanc',NULL,'750',NULL,NULL,'Kinzbrunner:

>The La Niña trinity of 2021, 22 and 23 is now complete. This new release combines the power of the 2021 vintage with the fruit and matchstick of 2022, albeit in a slightly more subtle form. A cooler vintage during 2023 has delivered a wine that is at total ease with itself, relaxed, complete and as close to perfection as I can remember. All the components are like 1,000 voices singing as one, synchronicity! No doubt everyone will have their favourite of the past three years and this is clearly mine!

Reviews:

- "What a wine. The sheer intensity of flavor here is astonishing—it penetrates the palate and soars long into the memory."
Erin Larkin
The Wine Advocate
2023 Estate Vineyard Chardonnay
- "Plenty of struck match complexity, pink grapefruit, lemon oil, aniseed, oatmeal, fresh nectarine. It fairly sizzles with spice and cool acidity, plenty of flint and chalk dust texture, a nutty and savoury element here, a juicy citrus tang, dried pear with cinnamon, and closes zesty and electric, with a very very long finish."
Gary Walsh
The Wine Front
2023 Estate Vineyard Chardonnay

Sources:

- <https://giaconda.com.au/our-wines#section-estate-vineyard-chardonnay-vintage-2023>
-',0,'2025-07-29 05:22:45.625093','red wine','chardonnay');
INSERT INTO "wine_wiki_wine" VALUES(564,-1,-1,-1,'""','2023','',NULL,'Estate Vineyard',NULL,0,'','Giaconda',NULL,'Australia','Vic','Beechworth','""',NULL,'Giaconda Estate Vineyard',NULL,'Roussanne','Blanc',NULL,'750',NULL,NULL,'True Beechworth Roussanne: rich floral, ripe stonefruit peach and apricot, creamy and luxurious but an acid-line and phenolic structure to keep things in line.

- La Niña meant a cool vintage, so cool in fact the Estate Shiraz was not produced.
- From Kinzbrunner''s newsletter:

>I''m also very encouraged by the 2023 Estate Vineyard Roussanne, which is an exceptional follow on from its maiden 2022 vintage. This variety is planted on our warm north-facing amphitheatre block and is steadily improving as we learn how to manage the new site and experiment a little with the fermentation and barrel regimes. We are gradually finding the best vineyard management practices and crop level for this vineyard, to bring power and concentration while maintaining refinement.

Source: <https://giaconda.com.au/news/newsletter/2025/commentary/2024>

- 2023 is only the second vintage produced.
- Estate vineyard fruit, north facing amphitheatre. Exposure increases heat in vineyard.

Reviews:

- "Complex and engaging, and specifically, I like the core of flint and bright acidity it offers, to counterbalance the richness and spice on offer here."
Gary Walsh
The Wine Front
2023 Estate Vineyard Roussanne
- "The inaugural release of this cuvee, and it is evident upon tasting the wine that it is a worthy addition to the Estate Vineyard range. Somewhat golden in the glass and leading with an incredibly spicy nose, there is white pear and gum leaves, a hint of the "Giaconda campfire" character (big fan of it), cracked fennel seeds and green apple skins, with white pepper and layers of brine. On the palate, the true nature of Roussanne is revealed; it is waxy and wide, texturally plump and a little chewy, with layered phenolics and lashings of flavor. The acidity is tight and laces the finish into a tight spear of tension and complexity. This is a brilliant wine, one of the very best Roussannes that Australia has to offer the world of wine."
Erin Larkin
The Wine Advocate
2022 Estate Vineyard Roussanne

Sources:

- <http://giaconda.com.au/our-wines#section-estate-vineyard-roussanne-vintage-2023>',0,'2025-07-29 05:26:05.765320','white wine','white varietals');
INSERT INTO "wine_wiki_wine" VALUES(565,-1,-1,-1,'""','2022','',NULL,'',NULL,0,'','Giaconda','Dry','Australia','Vic','Beechworth',NULL,NULL,NULL,NULL,'Nebbiolo','Rouge',NULL,'750',NULL,NULL,'Kinzbrunner:

>A powerful fruit-laden Nebbiolo that lifts this wine to a new high. Dark plums and cherries, violets, dewy rose petals at dawn and a zephyr of melted tar fills the glass. A sensory joy. Gobs of black fruit fill the palate, and a cavalcade of fine, drying tannins escort the wine on a long and enjoyable journey.  As the vines mature this release is certainly worthy of Giaconda’s best Nebbiolo release to date.

Reviews:

"Such evolution in style, with this vintage being much finer and more transparent. I’m tasting it again now and I’m still so impressed. It’s a Nebbiolo that will stand tall in any company."
Gary Walsh
The Wine Front
2022 Nebbiolo

Sources:

- <https://giaconda.com.au/our-wines#section-estate-vineyard-chardonnay>',0,'2025-07-29 05:27:51.836429','red wine','nebbiolo');
INSERT INTO "wine_wiki_wine" VALUES(566,-1,-1,-1,'""','2022','',NULL,'les deux',NULL,0,'','Giaconda','Dry','Australia','Vic','Beechworth',NULL,NULL,'warner vineyard, giaconda estate vineyard',NULL,'shiraz','rouge',NULL,'750','Nantua',NULL,'Part of the Nantua range, blends of Giaconda''s Estate vineyard and fruit from other vineyards in the area. A second wine to the estate Shiraz, made in a similar manner but at lower expense.


Sources:


- <https://giaconda.com.au/our-wines> (will have to navigate to the wine directly as there is not individual page)',0,'2025-07-29 05:39:58.882837','red wine','shiraz and blends');
CREATE INDEX IF NOT EXISTS "wine_wiki_subsection_section_id_043e0489" ON "wine_wiki_subsection" ("section_id");
CREATE INDEX IF NOT EXISTS "wine_wiki_wine_section_id_fe04141e" ON "wine_wiki_wine" ("section_id");
CREATE INDEX IF NOT EXISTS "wine_wiki_wine_subsection_id_f8cab078" ON "wine_wiki_wine" ("subsection_id");
CREATE UNIQUE INDEX "auth_group_permissions_group_id_permission_id_0cd325b0_uniq" ON "auth_group_permissions" ("group_id", "permission_id");
CREATE INDEX IF NOT EXISTS "auth_group_permissions_group_id_b120cbf9" ON "auth_group_permissions" ("group_id");
CREATE INDEX IF NOT EXISTS "auth_group_permissions_permission_id_84c5c92e" ON "auth_group_permissions" ("permission_id");
CREATE UNIQUE INDEX "auth_user_groups_user_id_group_id_94350c0c_uniq" ON "auth_user_groups" ("user_id", "group_id");
CREATE INDEX IF NOT EXISTS "auth_user_groups_user_id_6a12ed8b" ON "auth_user_groups" ("user_id");
CREATE INDEX IF NOT EXISTS "auth_user_groups_group_id_97559544" ON "auth_user_groups" ("group_id");
CREATE UNIQUE INDEX "auth_user_user_permissions_user_id_permission_id_14a6b632_uniq" ON "auth_user_user_permissions" ("user_id", "permission_id");
CREATE INDEX IF NOT EXISTS "auth_user_user_permissions_user_id_a95ead1b" ON "auth_user_user_permissions" ("user_id");
CREATE INDEX IF NOT EXISTS "auth_user_user_permissions_permission_id_1fbb5f2c" ON "auth_user_user_permissions" ("permission_id");
CREATE INDEX IF NOT EXISTS "django_admin_log_content_type_id_c4bce8eb" ON "django_admin_log" ("content_type_id");
CREATE INDEX IF NOT EXISTS "django_admin_log_user_id_c564eba6" ON "django_admin_log" ("user_id");
CREATE UNIQUE INDEX "django_content_type_app_label_model_76bd3d3b_uniq" ON "django_content_type" ("app_label", "model");
CREATE UNIQUE INDEX "auth_permission_content_type_id_codename_01ab375a_uniq" ON "auth_permission" ("content_type_id", "codename");
CREATE INDEX IF NOT EXISTS "auth_permission_content_type_id_2f476e4b" ON "auth_permission" ("content_type_id");
CREATE INDEX IF NOT EXISTS "django_session_expire_date_a5c62663" ON "django_session" ("expire_date");
CREATE INDEX IF NOT EXISTS "wine_wiki_subsubsection_section_id_672550e8" ON "wine_wiki_subsubsection" ("section_id");
CREATE INDEX IF NOT EXISTS "wine_wiki_subsubsection_subsection_id_e501a604" ON "wine_wiki_subsubsection" ("subsection_id");
